author,year,area,Journal,method,species,pollutant,p_type1,p_type2.x,Nc,Mc,Sc,Ne,Me,Se,land_use_c,land_use_e,other_param,comment,stulab,stuid,areaid,independent,caseid,obid_l1,obid_l2,obid_l3,caselab,caseid2,obid_l1_2,oblab,p_type2,es_adj,var_adj,es_nadj,var_nadj,shared.T,se_adj,se_nadj,Check,point_dis,dis_to_pol(m),areasize(km2),temperature,humidity(%),pressure,windspeed(m/s),aveconcen(mug/m3),greencover,city,country,landtype_control,landtype_exp,leaf
Cavanagh,2009,"Christchurch, New Zealand",Urban Forestry & Urban Greening,Mass difference,NA,PM10,PM,s,37,31.5,18.8,26,22.4,16.6,outside forests,inside forests,mug,NA,10_Cavanagh_2009,10,NA,TRUE,1,1,1,1,10_Cavanagh_2009_case1,case1,obs.1,Cavanagh_2009_obs.1,s,-0.340926587,0.030749614,-0.340926587,0.030749614,FALSE,0.175355678,0.175355678,,subpoint,75.8,0.054,5.7,94.8,,3,26,0.71,Christchurch,New Zealand,Outside forest,Forest,TRUE
Cavanagh,2009,"Christchurch, New Zealand",Urban Forestry & Urban Greening,Mass difference,NA,PM10,PM,s,37,31.5,18.8,26,24.4,16.6,outside forests,edge of forests,mug,NA,10_Cavanagh_2009,10,NA,TRUE,2,2,2,2,10_Cavanagh_2009_case2,case2,obs.2,Cavanagh_2009_obs.2,s,-0.255404414,0.027428812,-0.255404414,0.027428812,FALSE,0.165616459,0.165616459,,subpoint,15.8,0.054,6.1,91,,3,27.2,0.73,Christchurch,New Zealand,Outside forest,Forest,TRUE
Jason,2011,"Los Angeles,USA",Environmental Research,Pollutant analyzer,NA,NO2,NOX,g,201,21.01,32.01,201,12.76,33.16,Park-adjacent neighborhoods,Park,ppb,"All the concentrations were derived from a local-measurement based LUR model, use with cautions",11_Jason_2011,11,NA,TRUE,1,3,1,1,11_Jason_2011_case1,case1,obs.3,Jason_2011_obs.3,g,-0.498683237,0.045147845,-0.498683237,0.045147845,FALSE,0.212480223,0.212480223,,separate,500,0.785,19.1,54.5,,3.5,39.7,,Los Angeles,USA,Outside park,Park,TRUE
Jason,2011,"Los Angeles,USA",Environmental Research,Pollutant analyzer,NA,PM25,PM,s,23,20.27,5.02,23,18.3,5.01,Park-adjacent neighborhoods,Park,mug,"All the concentrations were derived from a local-measurement based LUR model, use with cautions",11_Jason_2011,11,NA,TRUE,2,4,3,3,11_Jason_2011_case2,case2,obs.4,Jason_2011_obs.4,s,-0.102240901,0.005925395,-0.102240901,0.005925395,FALSE,0.076976589,0.076976589,,separate,500,0.785,19.1,54.5,,3.5,19.73,,Los Angeles,USA,Outside park,Park,TRUE
Jason,2011,"Los Angeles,USA",Environmental Research,Pollutant analyzer,NA,O3,O3,g,42,80.21,382,42,83.08,381,Park-adjacent neighborhoods,Park,ppb,"All the concentrations were derived from a local-measurement based LUR model, use with cautions",11_Jason_2011,11,NA,TRUE,3,5,1,2,11_Jason_2011_case3,case3,obs.5,Jason_2011_obs.5,g,0.035155804,1.040767825,0.035155804,1.040767825,FALSE,1.020180291,1.020180291,,separate,500,0.785,19.1,54.5,,3.5,185.78,,Los Angeles,USA,Outside park,Park,TRUE
YinShan,2011,Shanghai,Environmental Pollution,Pollutant analyzer,NA,NO2,NOX,g,28,0.056,0.007,28,0.048,0.007,outside park,inside park,mg,NA,12_YinShan_2011,12,NA,TRUE,1,6,2,3,12_YinShan_2011_case1,case1,obs.6,YinShan_2011_obs.6,g,-0.15415068,0.001317584,-0.15415068,0.001317584,FALSE,0.036298544,0.036298544,,subpoint,75,0.05,21.2,74,,1.3,52.2,0.8,Shanghai,China,Outside park,Park,TRUE
YinShan,2011,Shanghai,Environmental Pollution,Pollutant analyzer,NA,SO2,SO2,g,28,0.046,0.011,28,0.037,0.009,outside park,inside park,mg,NA,12_YinShan_2011,12,NA,TRUE,2,7,1,4,12_YinShan_2011_case2,case2,obs.7,YinShan_2011_obs.7,g,-0.217723484,0.00415538,-0.217723484,0.00415538,FALSE,0.064462237,0.064462237,,subpoint,75,0.05,21.2,74,,1.3,41.5,0.8,Shanghai,China,Outside park,Park,TRUE
YinShan,2011,Shanghai,Environmental Pollution,Pollutant analyzer,NA,TSP,PM,s,28,0.518,0.088,28,0.355,0.106,outside park,inside park,mg,NA,12_YinShan_2011,12,NA,TRUE,3,8,4,4,12_YinShan_2011_case3,case3,obs.8,YinShan_2011_obs.8,s,-0.377857453,0.004214912,-0.377857453,0.004214912,FALSE,0.064922356,0.064922356,,subpoint,75,0.05,21.2,74,,1.3,43.7,0.8,Shanghai,China,Outside park,Park,TRUE
Heikki,2013,"Helsinki,Finland",Environmental Pollution,Passive sampler,NA,NO2,NOX,g,20,17.41,6.18,20,16.15,5.69,outside treecover,under treecover(leaf),mug,NA,14_Heikki_2013,14,NA,TRUE,1,9,3,5,14_Heikki_2013_case1,case1,obs.9,Heikki_2013_obs.9,g,-0.075124704,0.012506667,-0.075124704,0.012506667,FALSE,0.111833213,0.111833213,,subpoint,39,0.0475,15.4,77,,2.5,16.8,0.74,Helsinki,Finland,Outside patch,Patch,TRUE
Heikki,2013,"Helsinki,Finland",Environmental Pollution,Passive sampler,NA,NO2,NOX,g,20,18.33,4.52,20,17.32,5.54,outside treecover,under treecover(fallen),mug,NA,14_Heikki_2013,14,NA,TRUE,2,10,4,6,14_Heikki_2013_case2,case2,obs.10,Heikki_2013_obs.10,g,-0.056677159,0.008155905,-0.056677159,0.008155905,FALSE,0.090310051,0.090310051,,subpoint,39,0.0475,-0.6,81,,3.2,17.8,0.22,Helsinki,Finland,Outside patch,Patch,FALSE
Heikki,2013,"Helsinki,Finland",Environmental Pollution,Pollutant analyzer,NA,PM,PM,s,20,15.98,6.09,20,9.13,4.06,outside treecover,under treecover(leaf),mug,NA,14_Heikki_2013,14,NA,TRUE,3,11,5,5,14_Heikki_2013_case3,case3,obs.11,Heikki_2013_obs.11,s,-0.559772246,0.017149277,-0.559772246,0.017149277,FALSE,0.130955247,0.130955247,,subpoint,39,0.0475,15.4,77,,2.5,12.6,0.74,Helsinki,Finland,Outside patch,Patch,TRUE
Heikki,2013,"Helsinki,Finland",Environmental Pollution,Pollutant analyzer,NA,PM,PM,s,20,67.73,43.38,20,31.97,25.62,outside treecover,under treecover(fallen),mug,NA,14_Heikki_2013,14,NA,TRUE,4,12,6,6,14_Heikki_2013_case4,case4,obs.12,Heikki_2013_obs.12,s,-0.75073125,0.052621203,-0.75073125,0.052621203,FALSE,0.22939312,0.22939312,,subpoint,39,0.0475,-0.6,81,,3.2,49.9,0.22,Helsinki,Finland,Outside patch,Patch,FALSE
Vailshery,2013,"Bangalore,India",Urban Forestry & Urban Greening,Pollutant analyzer,NA,SO2,SO2,g,10,30.9,8.55,10,17.02,7.44,no treecover,under treecover,mug/only quantile data,NA,15_Vailshery_2013,15,NA,TRUE,1,13,2,7,15_Vailshery_2013_case1,case1,obs.13,Vailshery_2013_obs.13,g,-0.596367061,0.026764742,-0.596367061,0.026764742,FALSE,0.163599335,0.163599335,,subpoint,1,0.0012,27,60,,4.8,20.9,0.8,Bangalore,India,Outside patch,Patch,TRUE
Vailshery,2013,"Bangalore,India",Urban Forestry & Urban Greening,Pollutant analyzer,NA,SPM,PM,s,10,311.95,118.3,10,135.33,90.77,no treecover,under treecover,mug/only quantile data,NA,15_Vailshery_2013,15,NA,TRUE,2,14,7,7,15_Vailshery_2013_case2,case2,obs.14,Vailshery_2013_obs.14,s,-0.835126678,0.059369327,-0.835126678,0.059369327,FALSE,0.243658217,0.243658217,,subpoint,1,0.0012,27,60,,4.8,156.5,0.8,Bangalore,India,Outside patch,Patch,TRUE
Xiao Yihua,2013,"Guangzhou,China",Acta Ecologica Sinica,Mass difference,NA,PM25,PM,s,36,55.79,13.01,36,40.18,7.43,outside forests,inside forests,g/cm3,NA,16_Xiao Yihua_2013,16,NA,TRUE,1,15,8,8,16_Xiao Yihua_2013_case1,case1,obs.15,Xiao Yihua_2013_obs.15,s,-0.328225282,0.002460415,-0.328225282,0.002460415,FALSE,0.049602574,0.049602574,,subpoint,30,0.00282735,21.8,81,,3.3,47.99,,Guangzhou,China,Outside forest,Forest,TRUE
Xiao Yihua,2013,"Guangzhou,China",Acta Ecologica Sinica,Mass difference,NA,TSP,PM,s,36,116.61,35.36,36,101.32,33.19,outside forests,inside forests,g/cm3,NA,16_Xiao Yihua_2013,16,NA,TRUE,2,16,9,9,16_Xiao Yihua_2013_case2,case2,obs.16,Xiao Yihua_2013_obs.16,s,-0.140551208,0.005534897,-0.140551208,0.005534897,FALSE,0.074396887,0.074396887,,subpoint,30,0.00282735,21.8,81,,3.3,108.95,,Guangzhou,China,Outside forest,Forest,TRUE
Xiao Yihua,2013,"Guangzhou,China",The journal of applied ecology,Mass difference,NA,PM25,PM,s,18,55.9,15.46,18,49.8,10.47,forests in urban,forests in suburban,mug,NA,17_Xiao Yihua_2013,17,NA,TRUE,3,17,10,10,17_Xiao Yihua_2013_case3,case3,obs.17,Xiao Yihua_2013_obs.17,s,-0.115549396,0.006704979,-0.115549396,0.006704979,FALSE,0.081883937,0.081883937,,separate,1515,22,22,78,,3.3,52.8,,Guangzhou,China,Urban,Forest,TRUE
Xiao Yihua,2013,"Guangzhou,China",The journal of applied ecology,Mass difference,NA,PM25,PM,s,18,55.9,15.46,18,44.4,9.21,forests in urban,forests in rural,mug,NA,17_Xiao Yihua_2013,17,NA,TRUE,4,18,11,11,17_Xiao Yihua_2013_case4,case4,obs.18,Xiao Yihua_2013_obs.18,s,-0.230324911,0.00663981,-0.230324911,0.00663981,FALSE,0.081485028,0.081485028,,separate,3225,22,22,78,,3.3,50.15,,Guangzhou,China,Urban,Forest,TRUE
Maria,2014,"Gothenburg,Sweden",Environmental Pollution,Passive sampler,NA,NO2,NOX,g,2,34.6,0.67,2,31.9,0.33,Outside canopy,Inside canopy,mug,NA,19_Maria_2014,19,NA,TRUE,1,19,5,8,19_Maria_2014_case1,case1,obs.19,Maria_2014_obs.19,g,-0.081247672,2.41E-04,-0.081247672,2.41E-04,FALSE,0.015523953,0.015523953,,subpoint,10,0.00031415,10.4,84,,4,33.3,0.58,Gothenburg,Sweden,Outside patch,Patch,TRUE
Maria,2014,"Gothenburg,Sweden",Environmental Pollution,Passive sampler,NA,O3,O3,g,2,24.5,0.59,2,23.8,0.6,Outside canopy,Inside canopy,mug,NA,19_Maria_2014,19,NA,TRUE,2,20,2,9,19_Maria_2014_case2,case2,obs.20,Maria_2014_obs.20,g,-0.028987537,6.08E-04,-0.028987537,6.08E-04,FALSE,0.024652316,0.024652316,,subpoint,10,0.00031415,10.4,84,,4,24.2,0.58,Gothenburg,Sweden,Outside patch,Patch,TRUE
A.Bytnerowicz,1999,Poland,Water Air And Soil Pollution,Pollutant analyzer,NA,NO2,NOX,g,5,32.9,7.8,8,4.1,2.1,urban,forests,mug,NA,2_A.Bytnerowicz_1999,2,NA,TRUE,1,21,6,10,2_A.Bytnerowicz_1999_case1,case1,obs.21,A.Bytnerowicz_1999_obs.21,g,-2.082485684,0.044034562,-2.082485684,0.044034562,FALSE,0.209844137,0.209844137,,separate,800,5,6.6,66,,2.7,21.8,,Katowice,Poland,Urban,Forest,TRUE
A.Bytnerowicz,1999,Poland,Water Air And Soil Pollution,Pollutant analyzer,NA,SO2,SO2,g,5,20.7,5.4,8,16.1,7.5,urban,forests,mug,NA,2_A.Bytnerowicz_1999,2,NA,TRUE,2,22,7,11,2_A.Bytnerowicz_1999_case2,case2,obs.22,A.Bytnerowicz_1999_obs.22,g,-0.251314428,0.040736276,-0.251314428,0.040736276,FALSE,0.201832296,0.201832296,,separate,800,5,6.6,66,,2.7,18.9,,Katowice,Poland,Urban,Forest,TRUE
P.J.Irga,2015,"Sydney, Australia",Atmospheric Environment,Pollutant analyzer,NA,TSP,PM,s,5,27.6,5.4,6,21.2,2.7,Residential/street,Park,mug,NA,20_P.J.Irga_2015,20,NA,TRUE,1,23,12,12,20_P.J.Irga_2015_case1,case1,obs.23,P.J.Irga_2015_obs.23,s,-0.263814591,0.010359319,-0.263814591,0.010359319,FALSE,0.101780739,0.101780739,,separate,283,0.334,21.7,57.1,,3.5,24.7,0.21,Sydney,Australia,Residential,Park,TRUE
P.J.Irga,2015,"Sydney, Australia",Atmospheric Environment,Pollutant analyzer,NA,PM10,PM,s,5,24.8,5.7,6,18.5,3.2,Residential/street,Park,mug,NA,20_P.J.Irga_2015,20,NA,TRUE,2,24,13,13,20_P.J.Irga_2015_case2,case2,obs.24,P.J.Irga_2015_obs.24,s,-0.293072921,0.015551775,-0.293072921,0.015551775,FALSE,0.124706755,0.124706755,,separate,283,0.334,21.7,57.1,,3.5,21.9,0.21,Sydney,Australia,Residential,Park,TRUE
P.J.Irga,2015,"Sydney, Australia",Atmospheric Environment,Pollutant analyzer,NA,PM25,PM,s,5,14.2,3.8,6,8.6,3.7,Residential/street,Park,mug,NA,20_P.J.Irga_2015,20,NA,TRUE,3,25,14,14,20_P.J.Irga_2015_case3,case3,obs.25,P.J.Irga_2015_obs.25,s,-0.501479761,0.045172564,-0.501479761,0.045172564,FALSE,0.212538383,0.212538383,,separate,283,0.334,21.7,57.1,,3.5,11.7,0.21,Sydney,Australia,Residential,Park,TRUE
P.J.Irga,2015,"Sydney, Australia",Atmospheric Environment,Pollutant analyzer,NA,NO2,NOX,g,5,1.1,0.04,6,1.1,0.06,Residential/street,Park,ppm,NA,20_P.J.Irga_2015,20,NA,TRUE,4,26,8,12,20_P.J.Irga_2015_case4,case4,obs.26,P.J.Irga_2015_obs.26,g,0,7.60E-04,0,7.60E-04,FALSE,0.027574093,0.027574093,,separate,283,0.334,21.7,57.1,,3.5,1902.4,0.21,Sydney,Australia,Residential,Park,TRUE
Tong,2015,"New York,USA",Environmental Pollution,Pollutant analyzer,NA,PM25,PM,s,4,4.1,0.55,4,4.48,0.32,outside canopy,under canopy,mug,NA,21_Tong_2015,21,NA,TRUE,1,27,15,15,21_Tong_2015_case1,case1,obs.27,Tong_2015_obs.27,s,0.088636073,0.00577432,0.088636073,0.00577432,FALSE,0.075988949,0.075988949,,subpoint,24,0.0050264,25.5,80,,2.5,4.2,0.441,New York,USA,Outside patch,Patch,TRUE
Wang,2015,"Taiyuan,China",Acta Ecologica Sinica,Passive sampler,NA,NOX,NOX,g,20,0.26,0.02,20,0.22,0.02,traffic road,green lane,mg,9am-10am,22_Wang_2015,22,NA,TRUE,1,28,9,13,22_Wang_2015_case1,case1,obs.28,Wang_2015_obs.28,g,-0.167054085,7.09E-04,-0.167054085,7.09E-04,FALSE,0.026628577,0.026628577,,subpoint,5,7.85E-05,22.8,58,,0.5,240,0.08,Taiyuan,China,Traffic road,Lane,TRUE
Wang,2015,"Taiyuan,China",Acta Ecologica Sinica,Passive sampler,NA,NOX,NOX,g,20,0.26,0.02,20,0.2,0.02,traffic road,green lane,mg,11am-12am,22_Wang_2015,22,NA,TRUE,2,29,10,14,22_Wang_2015_case2,case2,obs.29,Wang_2015_obs.29,g,-0.262364264,7.96E-04,-0.262364264,7.96E-04,FALSE,0.028210955,0.028210955,,subpoint,5,7.85E-05,24.4,52,,0.6,230,0.08,Taiyuan,China,Traffic road,Lane,TRUE
Wang,2015,"Taiyuan,China",Acta Ecologica Sinica,Passive sampler,NA,NOX,NOX,g,20,0.22,0.02,20,0.17,0.02,traffic road,green lane,mg,13:30pm-14:30pm,22_Wang_2015,22,NA,TRUE,3,30,11,15,22_Wang_2015_case3,case3,obs.30,Wang_2015_obs.30,g,-0.257829109,0.001105265,-0.257829109,0.001105265,FALSE,0.033245521,0.033245521,,subpoint,5,7.85E-05,26.9,47,,0.68,195,0.08,Taiyuan,China,Traffic road,Lane,TRUE
Wang,2015,"Taiyuan,China",Acta Ecologica Sinica,Passive sampler,NA,TSP,PM,s,20,1.22,0.12,20,0.71,0.1,traffic road,green lane,mug,9am-10am,22_Wang_2015,22,NA,TRUE,4,31,16,16,22_Wang_2015_case4,case4,obs.31,Wang_2015_obs.31,s,-0.541341168,0.001475608,-0.541341168,0.001475608,FALSE,0.038413639,0.038413639,,subpoint,5,7.85E-05,22.8,58,,0.5,0.97,0.08,Taiyuan,China,Traffic road,Lane,TRUE
Wang,2015,"Taiyuan,China",Acta Ecologica Sinica,Passive sampler,NA,TSP,PM,s,20,1.13,0.12,20,0.6,0.08,traffic road,green lane,mug,11am-12am,22_Wang_2015,22,NA,TRUE,5,32,17,17,22_Wang_2015_case5,case5,obs.32,Wang_2015_obs.32,s,-0.633043256,0.001452755,-0.633043256,0.001452755,FALSE,0.038115017,0.038115017,,subpoint,5,7.85E-05,24.4,52,,0.6,0.87,0.08,Taiyuan,China,Traffic road,Lane,TRUE
Wang,2015,"Taiyuan,China",Acta Ecologica Sinica,Passive sampler,NA,TSP,PM,s,20,0.85,0.09,20,0.54,0.06,traffic road,green lane,mug,13:30pm-14:30pm,22_Wang_2015,22,NA,TRUE,6,33,18,18,22_Wang_2015_case6,case6,obs.33,Wang_2015_obs.33,s,-0.45366721,0.001177838,-0.45366721,0.001177838,FALSE,0.034319638,0.034319638,,subpoint,5,7.85E-05,26.9,47,,0.68,0.7,0.08,Taiyuan,China,Traffic road,Lane,TRUE
Wang,2015,"Taiyuan,China",Acta Ecologica Sinica,Passive sampler,NA,SO2,SO2,g,20,0.09,0.01,20,0.08,0.01,traffic road,green lane,mug,9am-10am,22_Wang_2015,22,NA,TRUE,7,34,3,16,22_Wang_2015_case7,case7,obs.34,Wang_2015_obs.34,g,-0.117783036,0.001398534,-0.117783036,0.001398534,FALSE,0.037396978,0.037396978,,subpoint,5,7.85E-05,22.8,58,,0.5,85000,0.08,Taiyuan,China,Traffic road,Lane,TRUE
Wang,2015,"Taiyuan,China",Acta Ecologica Sinica,Passive sampler,NA,SO2,SO2,g,20,0.08,0.02,20,0.08,0.02,traffic road,green lane,mug,11am-12am,22_Wang_2015,22,NA,TRUE,8,35,4,17,22_Wang_2015_case8,case8,obs.35,Wang_2015_obs.35,g,0,0.00625,0,0.00625,FALSE,0.079056942,0.079056942,,subpoint,5,7.85E-05,24.4,52,,0.6,80000,0.08,Taiyuan,China,Traffic road,Lane,TRUE
Wang,2015,"Taiyuan,China",Acta Ecologica Sinica,Passive sampler,NA,SO2,SO2,g,20,0.09,0.01,20,0.05,0.01,traffic road,green lane,mug,13:30pm-14:30pm,22_Wang_2015,22,NA,TRUE,9,36,5,18,22_Wang_2015_case9,case9,obs.36,Wang_2015_obs.36,g,-0.587786665,0.002617284,-0.587786665,0.002617284,FALSE,0.051159397,0.051159397,,subpoint,5,7.85E-05,26.9,47,,0.68,70000,0.08,Taiyuan,China,Traffic road,Lane,TRUE
Wang,2015,"Taiyuan,China",Acta Ecologica Sinica,Passive sampler,NA,PM10,PM,s,20,0.47,0.04,20,0.34,0.04,traffic road,green lane,mug,9am-10am,22_Wang_2015,22,NA,TRUE,10,37,19,19,22_Wang_2015_case10,case10,obs.37,Wang_2015_obs.37,s,-0.323787077,0.001054196,-0.323787077,0.001054196,FALSE,0.03246839,0.03246839,,subpoint,5,7.85E-05,22.8,58,,0.5,0.41,0.08,Taiyuan,China,Traffic road,Lane,TRUE
Wang,2015,"Taiyuan,China",Acta Ecologica Sinica,Passive sampler,NA,PM10,PM,s,20,0.45,0.03,20,0.28,0.03,traffic road,green lane,mug,11am-12am,22_Wang_2015,22,NA,TRUE,11,38,20,20,22_Wang_2015_case11,case11,obs.38,Wang_2015_obs.38,s,-0.47445798,7.96E-04,-0.47445798,7.96E-04,FALSE,0.028217048,0.028217048,,subpoint,5,7.85E-05,24.4,52,,0.6,0.37,0.08,Taiyuan,China,Traffic road,Lane,TRUE
Wang,2015,"Taiyuan,China",Acta Ecologica Sinica,Passive sampler,NA,PM10,PM,s,20,0.37,0.03,20,0.26,0.02,traffic road,green lane,mug,13:30pm-14:30pm,22_Wang_2015,22,NA,TRUE,12,39,21,21,22_Wang_2015_case12,case12,obs.39,Wang_2015_obs.39,s,-0.352821375,6.25E-04,-0.352821375,6.25E-04,FALSE,0.0249913,0.0249913,,subpoint,5,7.85E-05,26.9,47,,0.68,0.32,0.08,Taiyuan,China,Traffic road,Lane,TRUE
Bo,2016,"Beijing, China",Urban Ecosystem,Pollutant analyzer,NA,PM25,PM,s,12,64.87,10.6,12,60.38,12.62,Non-vegetastion area,Vegetation area,mug,NA,23_Bo_2016,23,NA,TRUE,1,40,22,22,23_Bo_2016_case1,case1,obs.40,Bo_2016_obs.40,s,-0.071727343,0.005865483,-0.071727343,0.005865483,FALSE,0.076586441,0.076586441,,separate,2,12.57,13.8,56.8,,2.1,62.62,0.5698,Beijing,China,Urban,Forest,TRUE
Bo,2016,"Beijing, China",Urban Ecosystem,Pollutant analyzer,NA,PM25,PM,s,12,68.78,12.62,12,57.62,12.61,Non-vegetastion area,Vegetation area,mug,NA,23_Bo_2016,23,NA,TRUE,2,41,23,23,23_Bo_2016_case2,case2,obs.41,Bo_2016_obs.41,s,-0.177043275,0.006796709,-0.177043275,0.006796709,FALSE,0.082442153,0.082442153,,separate,2,12.57,13.8,56.8,,2.1,63.2,0.7536,Beijing,China,Urban,Forest,TRUE
Bo,2016,"Beijing, China",Urban Ecosystem,Pollutant analyzer,NA,PM25,PM,s,12,73.55,14.07,12,66.75,15.53,Non-vegetastion area,Vegetation area,mug,NA,23_Bo_2016,23,NA,TRUE,3,42,24,24,23_Bo_2016_case3,case3,obs.42,Bo_2016_obs.42,s,-0.09701115,0.007560449,-0.09701115,0.007560449,FALSE,0.086950841,0.086950841,,separate,2,12.57,13.8,56.8,,2.1,70.15,0.6535,Beijing,China,Urban,Forest,TRUE
Bo,2016,"Beijing, China",Urban Ecosystem,Pollutant analyzer,NA,PM25,PM,s,12,95.51,20.18,12,72.97,15.92,Non-vegetastion area,Vegetation area,mug,NA,23_Bo_2016,23,NA,TRUE,4,43,25,25,23_Bo_2016_case4,case4,obs.43,Bo_2016_obs.43,s,-0.269182556,0.007686755,-0.269182556,0.007686755,FALSE,0.08767414,0.08767414,,separate,2,12.57,13.8,56.8,,2.1,84.24,0.5833,Beijing,China,Urban,Forest,TRUE
Bo,2016,"Beijing, China",Urban Ecosystem,Pollutant analyzer,NA,PM25,PM,s,12,87.4,18.65,12,77.29,20.33,Non-vegetastion area,Vegetation area,mug,NA,23_Bo_2016,23,NA,TRUE,5,44,26,26,23_Bo_2016_case5,case5,obs.44,Bo_2016_obs.44,s,-0.122930702,0.009560123,-0.122930702,0.009560123,FALSE,0.097775881,0.097775881,,separate,2,12.57,13.8,56.8,,2.1,82.35,0.6056,Beijing,China,Urban,Forest,TRUE
Liu,2016,"Kunming,China",JONFU,Passive sampler,NA,NOX,NOX,g,4,0.38,0.03,4,0.07,0.04,outside forests,inside forests,mg,NA,24_Liu_2016,24,NA,TRUE,1,45,12,19,24_Liu_2016_case1,case1,obs.45,Liu_2016_obs.45,g,-1.691676011,0.083190825,-1.691676011,0.083190825,FALSE,0.288428197,0.288428197,,subpoint,10,0.0034,14.4,73.3,,3.7,220,0.6,Kunming,China,Outside forest,Forest,TRUE
Liu,2016,"Kunming,China",JONFU,Passive sampler,NA,SO2,SO2,g,4,0.18,0.02,4,0.03,0.02,outside forests,inside forests,mg,NA,24_Liu_2016,24,NA,TRUE,2,46,6,20,24_Liu_2016_case2,case2,obs.46,Liu_2016_obs.46,g,-1.791759469,0.114197531,-1.791759469,0.114197531,FALSE,0.337931252,0.337931252,,subpoint,10,0.0034,14.4,73.3,,3.7,103,0.6,Kunming,China,Outside forest,Forest,TRUE
Liu,2016,"Kunming,China",JONFU,Pollutant analyzer,NA,TSP,PM,s,4,201.5,69.37,4,74.75,14.1,outside forests,inside forests,mug,NA,24_Liu_2016,24,NA,TRUE,3,47,27,27,24_Liu_2016_case3,case3,obs.47,Liu_2016_obs.47,s,-0.991640169,0.038525315,-0.991640169,0.038525315,FALSE,0.196278666,0.196278666,,subpoint,10,0.0034,14.4,73.3,,3.7,138.13,0.6,Kunming,China,Outside forest,Forest,TRUE
Liu,2016,"Kunming,China",JONFU,Pollutant analyzer,NA,PM10,PM,s,4,94.5,29.56,4,52.38,18.7,outside forests,inside forests,mug,NA,24_Liu_2016,24,NA,TRUE,4,48,28,28,24_Liu_2016_case4,case4,obs.48,Liu_2016_obs.48,s,-0.590074995,0.056325031,-0.590074995,0.056325031,FALSE,0.23732895,0.23732895,,subpoint,10,0.0034,14.4,73.3,,3.7,73.43,0.6,Kunming,China,Outside forest,Forest,TRUE
Liu,2016,"Kunming,China",JONFU,Pollutant analyzer,NA,PM25,PM,s,4,53.25,15.11,4,24.43,9.47,outside forests,inside forests,mug,NA,24_Liu_2016,24,NA,TRUE,5,49,29,29,24_Liu_2016_case5,case5,obs.49,Liu_2016_obs.49,s,-0.779185919,0.057695182,-0.779185919,0.057695182,FALSE,0.240198214,0.240198214,,subpoint,10,0.0034,14.4,73.3,,3.7,38.84,0.6,Kunming,China,Outside forest,Forest,TRUE
Duan,2017,"Beijing,China",Chinese Journal of Ecology,Pollutant analyzer,NA,PM25,PM,s,18,21.89,4.23,6,21.04,3.82,no tree cover,Tree+shrub+grass,mug,spring,28_Duan_2017,28,NA,TRUE,1,50,30,30,28_Duan_2017_case1,case1,obs.50,Duan_2017_obs.50,s,-0.039604524,0.007568457,-0.039604524,0.007568457,FALSE,0.086996878,0.086996878,,separate,119,0.0016,8.1,45,,2.5,21.5,0.3,Beijing,China,Outside patch,Park,FALSE
Duan,2017,"Beijing,China",Chinese Journal of Ecology,Pollutant analyzer,NA,PM25,PM,s,18,88.2,9.51,6,84.07,6.7,no tree cover,Tree+shrub+grass,mug,summer,28_Duan_2017,28,NA,TRUE,2,51,31,31,28_Duan_2017_case2,case2,obs.51,Duan_2017_obs.51,s,-0.047957178,0.001704441,-0.047957178,0.001704441,FALSE,0.041284878,0.041284878,,separate,119,0.0016,24.4,63,,2.3,86.1,0.65,Beijing,China,Outside patch,Park,TRUE
Duan,2017,"Beijing,China",Chinese Journal of Ecology,Pollutant analyzer,NA,PM25,PM,s,18,56.21,1.75,6,55.75,2.1,no tree cover,Tree+shrub+grass,mug,autmun,28_Duan_2017,28,NA,TRUE,3,52,32,32,28_Duan_2017_case3,case3,obs.52,Duan_2017_obs.52,s,-0.008217267,2.90E-04,-0.008217267,2.90E-04,FALSE,0.01703909,0.01703909,,separate,119,0.0016,20.8,68.7,,1.9,56,0.5,Beijing,China,Outside patch,Park,TRUE
Duan,2017,"Beijing,China",Chinese Journal of Ecology,Pollutant analyzer,NA,PM25,PM,s,18,127.38,0.98,6,120.46,4.07,no tree cover,Tree+shrub+grass,mug,winter,28_Duan_2017,28,NA,TRUE,4,53,33,33,28_Duan_2017_case4,case4,obs.53,Duan_2017_obs.53,s,-0.055856997,1.94E-04,-0.055856997,1.94E-04,FALSE,0.013912234,0.013912234,,separate,119,0.0016,1.1,50,,1.9,123.9,0.2,Beijing,China,Outside patch,Park,FALSE
Duan,2017,"Beijing,China",Chinese Journal of Ecology,Pollutant analyzer,NA,PM25,PM,s,72,73.42,1.81,24,70.33,1.43,no tree cover,Tree+shrub+grass,mug,all year,28_Duan_2017,28,NA,TRUE,5,54,34,34,28_Duan_2017_case5,case5,obs.54,Duan_2017_obs.54,s,-0.042997928,2.57E-05,-0.042997928,2.57E-05,FALSE,0.005066246,0.005066246,,separate,119,0.0016,13.7,57,,2.1,71.9,0.41,Beijing,China,Outside patch,Park,TRUE
Duan,2017,"Shenzhen,China",China Environmental Science,Passive sampler,NA,O3,O3,g,12,34.8,4.1,12,45.7,2.3,urban square,Foothill,mug,NA,29_Duan_2017,29,NA,TRUE,1,55,3,21,29_Duan_2017_case1,case1,obs.55,Duan_2017_obs.55,g,0.272480911,0.001367797,0.272480911,0.001367797,FALSE,0.036983737,0.036983737,,separate,1500,1.8,29.34,82.56,,0.28,40.3,0.6,Shenzhen,China,Urban,Forest,TRUE
Duan,2017,"Shenzhen,China",China Environmental Science,Passive sampler,NA,O3,O3,g,12,34.8,4.1,12,48.5,1.9,urban square,River valley,mug,NA,29_Duan_2017,29,NA,TRUE,2,56,4,22,29_Duan_2017_case2,case2,obs.56,Duan_2017_obs.56,g,0.331946411,0.001284611,0.331946411,0.001284611,FALSE,0.035841471,0.035841471,,separate,2300,1.8,29.46,83.23,,0.29,41.7,0.75,Shenzhen,China,Urban,Forest,TRUE
Duan,2017,"Shenzhen,China",China Environmental Science,Passive sampler,NA,O3,O3,g,12,34.8,4.1,12,68.1,5.5,urban square,Ridge,mug,NA,29_Duan_2017,29,NA,TRUE,3,57,5,23,29_Duan_2017_case3,case3,obs.57,Duan_2017_obs.57,g,0.671359826,0.001700282,0.671359826,0.001700282,FALSE,0.04123448,0.04123448,,separate,2500,1.8,29.4,80.51,,0.94,51.5,0.65,Shenzhen,China,Urban,Forest,TRUE
Wende.Y,2006,Changsha,ACTA ECOLOGICA SINICA,Pollutant analyzer,NA,SO2,SO2,g,4,0.15,0.04,4,0.12,0.03,urban,forests,mg,NA,3_Wende.Y_2006,3,NA,TRUE,1,58,7,24,3_Wende.Y_2006_case1,case1,obs.58,Wende.Y_2006_obs.58,g,-0.223143551,0.033402778,-0.223143551,0.033402778,FALSE,0.182764268,0.182764268,,subpoint,350,0.2827,17.1,80,,2.6,140,0.7,Changsha,China,Urban,Forest,TRUE
Wende.Y,2006,Changsha,ACTA ECOLOGICA SINICA,Pollutant analyzer,NA,SO2,SO2,g,4,0.2,0.04,4,0.15,0.04,urban,forests,mg,NA,3_Wende.Y_2006,3,NA,TRUE,2,59,8,25,3_Wende.Y_2006_case2,case2,obs.59,Wende.Y_2006_obs.59,g,-0.287682072,0.027777778,-0.287682072,0.027777778,FALSE,0.166666667,0.166666667,,subpoint,300,0.2827,17.4,80,,2.6,180,0.8,Changsha,China,Urban,Forest,TRUE
Jiang,2017,"Beijing,China",Research of Environmental Sciences,Pollutant analyzer,NA,SO2,SO2,g,5,22.3,2.5,5,22.6,8.4,outside forests,inside forests,mug,monthly average,31_Jiang_2017,31,NA,TRUE,1,60,9,26,31_Jiang_2017_case1,case1,obs.60,Jiang_2017_obs.60,g,0.013363228,0.030143039,0.013363228,0.030143039,FALSE,0.173617507,0.173617507,,separate,2000,12.57,-2,48,,1.5,22.4,0.87,Beijing,China,Outside forest,Forest,FALSE
Klingberg,2017,"Gothenburg,Sweden",Science of The Total Environment,Pollutant analyzer,NA,NO2,NOX,g,3,19.5,1.2,3,13.3,1.6,"in park,20m from traffic","in park,150m from traffic",mug,after leaf emergence,32_Klingberg_2017,32,NA,TRUE,1,61,13,27,32_Klingberg_2017_case1,case1,obs.61,Klingberg_2017_obs.61,g,-0.38265043,0.006086418,-0.38265043,0.006086418,FALSE,0.078015497,0.078015497,,subpoint,85,0.07068,16.2,78,,3.3,16.4,0.4,Gothenburg,Sweden,Traffic road,Park,TRUE
Klingberg,2017,"Gothenburg,Sweden",Science of The Total Environment,Pollutant analyzer,NA,NO2,NOX,g,3,32.6,1.6,3,23.6,2.6,no vegetation,dense vegetastion,mug,after leaf emergence,32_Klingberg_2017,32,NA,TRUE,2,62,14,28,32_Klingberg_2017_case2,case2,obs.62,Klingberg_2017_obs.62,g,-0.323065576,0.004848713,-0.323065576,0.004848713,FALSE,0.069632701,0.069632701,,subpoint,6,0.0314,16.2,78,,3.3,28.1,0.1,Gothenburg,Sweden,Traffic road,Lane,TRUE
Klingberg,2017,"Gothenburg,Sweden",Science of The Total Environment,Pollutant analyzer,NA,NO2,NOX,g,3,8.8,0.5,3,6.8,0.5,"park,45m from traffic","park,350m from traffic",mug,after leaf emergence,32_Klingberg_2017,32,NA,TRUE,3,63,15,29,32_Klingberg_2017_case3,case3,obs.63,Klingberg_2017_obs.63,g,-0.257829109,0.002878293,-0.257829109,0.002878293,FALSE,0.053649729,0.053649729,,subpoint,197.5,0.3848,16.2,78,,3.3,7.8,0.5,Gothenburg,Sweden,Traffic road,Park,TRUE
Klingberg,2017,"Gothenburg,Sweden",Science of The Total Environment,Pollutant analyzer,NA,O3,O3,g,3,55,3.1,3,64.1,3.3,"in park,20m from traffic","in park,150m from traffic",mug,after leaf emergence,32_Klingberg_2017,32,NA,TRUE,4,64,6,30,32_Klingberg_2017_case4,case4,obs.64,Klingberg_2017_obs.64,g,0.153111179,0.001942421,0.153111179,0.001942421,FALSE,0.044072901,0.044072901,,subpoint,85,0.07068,16.2,78,,3.3,59.6,0.4,Gothenburg,Sweden,Traffic road,Park,TRUE
Klingberg,2017,"Gothenburg,Sweden",Science of The Total Environment,Pollutant analyzer,NA,O3,O3,g,3,51,9.2,3,57.4,6.1,no vegetation,dense vegetastion,mug,after leaf emergence,32_Klingberg_2017,32,NA,TRUE,5,65,7,31,32_Klingberg_2017_case5,case5,obs.65,Klingberg_2017_obs.65,g,0.118218671,0.014611674,0.118218671,0.014611674,FALSE,0.120878756,0.120878756,,subpoint,6,0.0314,16.2,78,,3.3,54.2,0.1,Gothenburg,Sweden,Traffic road,Lane,TRUE
Klingberg,2017,"Gothenburg,Sweden",Science of The Total Environment,Pollutant analyzer,NA,O3,O3,g,3,55.9,3.8,3,61.6,3.1,"park,45m from traffic","park,350m from traffic",mug,after leaf emergence,32_Klingberg_2017,32,NA,TRUE,6,66,8,32,32_Klingberg_2017_case6,case6,obs.66,Klingberg_2017_obs.66,g,0.09709749,0.002384551,0.09709749,0.002384551,FALSE,0.048831868,0.048831868,,subpoint,197.5,0.3848,16.2,78,,3.3,58.8,0.5,Gothenburg,Sweden,Traffic road,Park,TRUE
Lu,2017,"Beijing,China",Acta Scientiae Circumstantiae,Pollutant analyzer,NA,PM10,PM,s,12,204.4,92.1,12,138.9,73.7,urban area,forests area,mug,"one year period,monthly average",33_Lu_2017,33,NA,TRUE,1,67,35,35,33_Lu_2017_case1,case1,obs.67,Lu_2017_obs.67,s,-0.386324609,0.040380207,-0.386324609,0.040380207,FALSE,0.200948269,0.200948269,,separate,326,0.33,18,55,,1.1,171.7,0.76,Beijing,China,Urban,Forest,TRUE
Yli-Pelkonen,2017,"Baltimore,USA",Atmospheric Environment,Passive sampler,NA,NO2,NOX,g,25,21.4,4.8,25,20.2,3.8,open area,tree cover,mug,NA,34_Yli-Pelkonen_2017,34,NA,TRUE,1,68,16,33,34_Yli-Pelkonen_2017_case1,case1,obs.68,Yli-Pelkonen_2017_obs.68,g,-0.057708318,0.00342795,-0.057708318,0.00342795,FALSE,0.0585487,0.0585487,,subpoint,136,0.0198,15.9,77,,3.6,20.8,0.64,Baltimore,USA,Outside patch,Patch,TRUE
Yli-Pelkonen,2017,"Baltimore,USA",Atmospheric Environment,Passive sampler,NA,O3,O3,g,25,55.5,3.7,25,50.4,4.2,open area,tree cover,mug,NA,34_Yli-Pelkonen_2017,34,NA,TRUE,2,69,9,34,34_Yli-Pelkonen_2017_case2,case2,obs.69,Yli-Pelkonen_2017_obs.69,g,-0.096391846,4.56E-04,-0.096391846,4.56E-04,FALSE,0.021343747,0.021343747,,subpoint,136,0.0198,15.9,77,,3.6,52.9,0.64,Baltimore,USA,Outside patch,Patch,TRUE
Yli-Pelkonen,2017,"Helsinki,Finland",Landscape and Urban Planning,Passive sampler,NA,NO2,NOX,g,10,21.6,6.3,10,22.3,5.8,open area,tree-covered,mug,"paired sub sampling point, adjacent to traffic lane",35_Yli-Pelkonen_2017,35,NA,TRUE,1,70,17,35,35_Yli-Pelkonen_2017_case1,case1,obs.70,Yli-Pelkonen_2017_obs.70,g,0.031893364,0.015271609,0.031893364,0.015271609,FALSE,0.123578351,0.123578351,,subpoint,25.6,0.002059,18.1,69,,5,21.9,0.84,Helsinki,Finland,Outside patch,Patch,TRUE
Yli-Pelkonen,2017,"Helsinki,Finland",Landscape and Urban Planning,Passive sampler,NA,O3,O3,g,10,39.4,3.5,10,37.8,3.5,open area,tree-covered,mug,"paired sub sampling point, adjacent to traffic lane",35_Yli-Pelkonen_2017,35,NA,TRUE,2,71,10,36,35_Yli-Pelkonen_2017_case2,case2,obs.71,Yli-Pelkonen_2017_obs.71,g,-0.041456714,0.00164646,-0.041456714,0.00164646,FALSE,0.040576593,0.040576593,,subpoint,25.6,0.002059,13.6,69,,5.8,38.6,0.84,Helsinki,Finland,Outside patch,Patch,TRUE
Yli-Pelkonen,2017,"Helsinki,Finland",Landscape and Urban Planning,Passive sampler,NA,TSP,PM,s,10,33.4,15,10,25.8,13.5,open area,tree-covered,mug,"paired sub sampling point, adjacent to traffic lane",35_Yli-Pelkonen_2017,35,NA,TRUE,3,72,36,36,35_Yli-Pelkonen_2017_case3,case3,obs.72,Yli-Pelkonen_2017_obs.72,s,-0.258181408,0.047548907,-0.258181408,0.047548907,FALSE,0.218057119,0.218057119,,subpoint,25.6,0.002059,18.1,69,,5,29.6,0.84,Helsinki,Finland,Outside patch,Patch,TRUE
Yli-Pelkonen,2017,"Helsinki,Finland",Urban Climate,Passive sampler,NA,NO2,NOX,g,10,25.9,5.4,10,29.7,6.6,open area,under tree cover,mug,"3m to road sub point, summer",36_Yli-Pelkonen_2017,36,NA,TRUE,1,73,18,37,36_Yli-Pelkonen_2017_case1,case1,obs.73,Yli-Pelkonen_2017_obs.73,g,0.136904077,0.009285255,0.136904077,0.009285255,FALSE,0.096360029,0.096360029,,subpoint,3,0.000075,16.3,72,,5,27.8,0.73,Helsinki,Finland,Outside patch,Patch,TRUE
Yli-Pelkonen,2017,"Helsinki,Finland",Urban Climate,Passive sampler,NA,NO2,NOX,g,10,18,3.9,10,20,4.4,open area,under tree cover,mug,"20m to road sub point, summer",36_Yli-Pelkonen_2017,36,NA,TRUE,2,74,19,38,36_Yli-Pelkonen_2017_case2,case2,obs.74,Yli-Pelkonen_2017_obs.74,g,0.105360516,0.009534444,0.105360516,0.009534444,FALSE,0.09764448,0.09764448,,subpoint,18.6,0.000465,16.3,72,,5,19,0.73,Helsinki,Finland,Outside patch,Patch,TRUE
Yli-Pelkonen,2017,"Helsinki,Finland",Urban Climate,Passive sampler,NA,NO2,NOX,g,10,15.5,3.4,10,15.7,3.6,open area,under tree cover,mug,"40m to road sub point, summer",36_Yli-Pelkonen_2017,36,NA,TRUE,3,75,20,39,36_Yli-Pelkonen_2017_case3,case3,obs.75,Yli-Pelkonen_2017_obs.75,g,0.012820688,0.010069474,0.012820688,0.010069474,FALSE,0.10034677,0.10034677,,subpoint,39.7,0.0009925,16.3,72,,5,15.6,0.73,Helsinki,Finland,Outside patch,Patch,TRUE
Yli-Pelkonen,2017,"Helsinki,Finland",Urban Climate,Passive sampler,NA,NO2,NOX,g,10,35.3,7.8,10,42.2,9.2,open area,under tree cover,mug,"3m to road sub point, winter",36_Yli-Pelkonen_2017,36,NA,TRUE,4,76,21,40,36_Yli-Pelkonen_2017_case4,case4,obs.76,Yli-Pelkonen_2017_obs.76,g,0.178537257,0.009635286,0.178537257,0.009635286,FALSE,0.098159491,0.098159491,,subpoint,3,0.000075,-1.5,89,,6.3,38.75,0.15,Helsinki,Finland,Outside patch,Patch,FALSE
Yli-Pelkonen,2017,"Helsinki,Finland",Urban Climate,Passive sampler,NA,NO2,NOX,g,10,26.5,5.6,10,28.4,6.3,open area,under tree cover,mug,"20m to road sub point, winter",36_Yli-Pelkonen_2017,36,NA,TRUE,5,77,22,41,36_Yli-Pelkonen_2017_case5,case5,obs.77,Yli-Pelkonen_2017_obs.77,g,0.069244412,0.009386545,0.069244412,0.009386545,FALSE,0.096884182,0.096884182,,subpoint,18.6,0.000465,-1.5,89,,6.3,27.45,0.15,Helsinki,Finland,Outside patch,Patch,FALSE
Yli-Pelkonen,2017,"Helsinki,Finland",Urban Climate,Passive sampler,NA,NO2,NOX,g,10,21.9,4.9,10,21.8,6.1,open area,under tree cover,mug,"40m to road sub point, winter",36_Yli-Pelkonen_2017,36,NA,TRUE,6,78,23,42,36_Yli-Pelkonen_2017_case6,case6,obs.78,Yli-Pelkonen_2017_obs.78,g,-0.004576667,0.012835879,-0.004576667,0.012835879,FALSE,0.113295538,0.113295538,,subpoint,39.7,0.0009925,-1.5,89,,6.3,21.85,0.15,Helsinki,Finland,Outside patch,Patch,FALSE
Sabin,2018,"Marmara,Turkey",Atmospheric Pollution Research,Pollutant analyzer,NA,O3,O3,g,7,95.8,12.1,15,104.4,11.3,urban sites,rural sites,mug,only aquired summer,37_Sabin_2018,37,NA,TRUE,1,79,11,43,37_Sabin_2018_case1,case1,obs.79,Sabin_2018_obs.79,g,0.08596699,0.003060011,0.08596699,0.003060011,FALSE,0.055317362,0.055317362,,separate,,,24.5,67,,4.8,98.5,,Marmara,Turkey,Urban,Forest,TRUE
Sabin,2018,"Marmara,Turkey",Atmospheric Pollution Research,Pollutant analyzer,NA,NO,NOX,g,7,6,5.7,15,1.2,0.5,urban sites,rural sites,mug,only aquired summer,37_Sabin_2018,37,NA,TRUE,2,80,24,44,37_Sabin_2018_case2,case2,obs.80,Sabin_2018_obs.80,g,-1.609437912,0.140502646,-1.609437912,0.140502646,FALSE,0.374836825,0.374836825,,separate,,,24.5,67,,4.8,4.5,,Marmara,Turkey,Urban,Forest,TRUE
Sabin,2018,"Marmara,Turkey",Atmospheric Pollution Research,Pollutant analyzer,NA,NO2,NOX,g,7,21,8.7,15,5.6,2.9,urban sites,rural sites,mug,only aquired summer,37_Sabin_2018,37,NA,TRUE,3,81,25,45,37_Sabin_2018_case3,case3,obs.81,Sabin_2018_obs.81,g,-1.32175584,0.042397352,-1.32175584,0.042397352,FALSE,0.205906172,0.205906172,,separate,,,24.5,67,,4.8,16.1,,Marmara,Turkey,Urban,Forest,TRUE
Liu,2018,"Nanjing,China",Atmospheric Pollution Research,Pollutant analyzer,NA,PM25,PM,s,8,53,1.8,8,38.1,7.3,downtown,forest park,mug,pm concentration vertical profiles,38_Liu_2018,38,NA,TRUE,1,82,37,37,38_Liu_2018_case1,case1,obs.82,Liu_2018_obs.82,s,-0.330077631,0.00473305,-0.330077631,0.00473305,FALSE,0.068797164,0.068797164,,separate,2000,12.6,15.3,70,,2.9,45.5,0.88,Nanjing,China,Residential,Forest,TRUE
Liu,2018,"Nanjing,China",Atmospheric Pollution Research,Pollutant analyzer,NA,PM25,PM,s,8,78.3,4.2,8,48.2,5.3,downtown,forest park,mug,pm concentration vertical profiles,38_Liu_2018,38,NA,TRUE,2,83,38,38,38_Liu_2018_case2,case2,obs.83,Liu_2018_obs.83,s,-0.485188582,0.001871013,-0.485188582,0.001871013,FALSE,0.043255211,0.043255211,,separate,2000,12.6,15.3,70,,2.9,63.2,0.88,Nanjing,China,Residential,Forest,TRUE
Viljami,2018,"Lahti,Finland",Urban Forestry & Urban Greening,Passive sampler,NA,NO2,NOX,g,8,19,3.8,8,21.6,6,outside forest,inside forest,mug,5m from traffic lane,39_Viljami_2018,39,NA,TRUE,1,84,26,46,39_Viljami_2018_case1,case1,obs.84,Viljami_2018_obs.84,g,0.128254336,0.014645062,0.128254336,0.014645062,FALSE,0.121016783,0.121016783,,subpoint,5,7.85375E-05,0.8,80,,2.5,20.3,0.62,Lahti,Finland,Outside forest,Forest,FALSE
Viljami,2018,"Lahti,Finland",Urban Forestry & Urban Greening,Passive sampler,NA,NO2,NOX,g,8,16,4.5,8,19,4.6,outside forest,inside forest,mug,20m from traffic lane,39_Viljami_2018,39,NA,TRUE,2,85,27,47,39_Viljami_2018_case2,case2,obs.85,Viljami_2018_obs.85,g,0.171850257,0.017214565,0.171850257,0.017214565,FALSE,0.131204288,0.131204288,,subpoint,20,0.0012566,0.8,80,,2.5,17.5,0.58,Lahti,Finland,Outside forest,Forest,FALSE
Viljami,2018,"Lahti,Finland",Urban Forestry & Urban Greening,Passive sampler,NA,NO2,NOX,g,8,14.1,4.8,8,18.5,3.5,outside forest,inside forest,mug,40m from traffic lane,39_Viljami_2018,39,NA,TRUE,3,86,28,48,39_Viljami_2018_case3,case3,obs.86,Viljami_2018_obs.86,g,0.271595935,0.018960262,0.271595935,0.018960262,FALSE,0.137696265,0.137696265,,subpoint,40,0.0050264,0.8,80,,2.5,16.3,0.58,Lahti,Finland,Outside forest,Forest,FALSE
Viljami,2018,"Lahti,Finland",Urban Forestry & Urban Greening,Passive sampler,NA,TSP,PM,s,4,150.4,80.7,4,64.3,21.9,outside forest,inside forest,mug/cm2/month,5m from traffic lane,39_Viljami_2018,39,NA,TRUE,4,87,39,39,39_Viljami_2018_case4,case4,obs.87,Viljami_2018_obs.87,s,-0.84973878,0.100977167,-0.84973878,0.100977167,FALSE,0.317769046,0.317769046,,subpoint,5,7.85375E-05,0.8,80,,2.5,107.35,0.62,Lahti,Finland,Outside forest,Forest,FALSE
Viljami,2018,"Lahti,Finland",Urban Forestry & Urban Greening,Passive sampler,NA,TSP,PM,s,4,96.9,53.5,4,42.9,3.9,outside forest,inside forest,mug/cm2/month,20m from traffic lane,39_Viljami_2018,39,NA,TRUE,5,88,40,40,39_Viljami_2018_case5,case5,obs.88,Viljami_2018_obs.88,s,-0.814807693,0.07827402,-0.814807693,0.07827402,FALSE,0.279774945,0.279774945,,subpoint,20,0.0012566,0.8,80,,2.5,69.9,0.58,Lahti,Finland,Outside forest,Forest,FALSE
Viljami,2018,"Lahti,Finland",Urban Forestry & Urban Greening,Passive sampler,NA,TSP,PM,s,4,73.1,48.1,4,27.7,11.3,outside forest,inside forest,mug/cm2/month,40m from traffic lane,39_Viljami_2018,39,NA,TRUE,6,89,41,41,39_Viljami_2018_case6,case6,obs.89,Viljami_2018_obs.89,s,-0.970395954,0.149846118,-0.970395954,0.149846118,FALSE,0.387099622,0.387099622,,subpoint,40,0.0050264,0.8,80,,2.5,50.4,0.58,Lahti,Finland,Outside forest,Forest,FALSE
Xiuchun.C,2007,Changchun,JONFU,Pollutant analyzer,NA,NO2,NOX,g,5,0.019,0.017,5,0.017,0.016,out greenbelt,in greenbelt,mg,NA,4_Xiuchun.C_2007,4,NA,TRUE,1,90,29,49,4_Xiuchun.C_2007_case1,case1,obs.90,Xiuchun.C_2007_obs.90,g,-0.111225635,0.337273433,-0.111225635,0.337273433,FALSE,0.580752471,0.580752471,,subpoint,100,0.031415,15.4,69,,3.8,17.8,0.5,Changchun,China,Outside patch,Lane,TRUE
Xiuchun.C,2007,Changchun,JONFU,Pollutant analyzer,NA,PM,PM,s,5,7,1.8,5,5.8,1.2,out greenbelt,in greenbelt,mg,NA,4_Xiuchun.C_2007,4,NA,TRUE,2,91,42,42,4_Xiuchun.C_2007_case2,case2,obs.91,Xiuchun.C_2007_obs.91,s,-0.188052232,0.021785726,-0.188052232,0.021785726,FALSE,0.147599886,0.147599886,,subpoint,100,0.031415,15.4,69,,3.8,74.7,0.5,Changchun,China,Outside patch,Lane,TRUE
Ren,2019,"Hangzhou,China",SCJOAS,Pollutant analyzer,NA,TSP,PM,s,12,225.18,270.65,12,250.4,188.17,residential area,forests,mug,NA,42_Ren_2019,42,NA,TRUE,1,92,43,43,42_Ren_2019_case1,case1,obs.92,Ren_2019_obs.92,s,0.106159557,0.167445665,0.106159557,0.167445665,FALSE,0.409201253,0.409201253,,separate,65,0.01327,16.5,76,,3.3,237.79,0.626,Hangzhou,China,Residential,Forest,TRUE
Ren,2019,"Hangzhou,China",SCJOAS,Pollutant analyzer,NA,PM10,PM,s,12,162.3,256.9,12,193.98,169.54,residential area,forests,mug,NA,42_Ren_2019,42,NA,TRUE,2,93,44,44,42_Ren_2019_case2,case2,obs.93,Ren_2019_obs.93,s,0.178308586,0.272447555,0.178308586,0.272447555,FALSE,0.521965089,0.521965089,,separate,65,0.01327,16.5,76,,3.3,178.14,0.626,Hangzhou,China,Residential,Forest,TRUE
Ren,2019,"Hangzhou,China",SCJOAS,Pollutant analyzer,NA,PM25,PM,s,12,64.19,69.78,12,102.71,88.21,residential area,forests,mug,NA,42_Ren_2019,42,NA,TRUE,3,94,45,45,42_Ren_2019_case3,case3,obs.94,Ren_2019_obs.94,s,0.470062048,0.159944671,0.470062048,0.159944671,FALSE,0.399930833,0.399930833,,separate,65,0.01327,16.5,76,,3.3,83.45,0.626,Hangzhou,China,Residential,Forest,TRUE
Ren,2019,"Hangzhou,China",SCJOAS,Pollutant analyzer,NA,PM1,PM,s,12,20.98,30.02,12,30.32,25.72,residential area,forests,mug,NA,42_Ren_2019,42,NA,TRUE,4,95,46,46,42_Ren_2019_case4,case4,obs.95,Ren_2019_obs.95,s,0.368237958,0.23058531,0.368237958,0.23058531,FALSE,0.480192992,0.480192992,,separate,65,0.01327,16.5,76,,3.3,25.65,0.626,Hangzhou,China,Residential,Forest,TRUE
Abhijith,2020,"Surrey,UK",Environmental Pollution,Pollutant analyzer,NA,PM10,PM,s,500,34.28,7.89,500,29.26,12.74,infront clear road,infront green lane,mug,NA,43_Abhijith_2020,43,NA,TRUE,1,96,47,47,43_Abhijith_2020_case1,case1,obs.96,Abhijith_2020_obs.96,s,-0.158340698,4.85E-04,-0.158340698,4.85E-04,FALSE,0.022025175,0.022025175,,subpoint,11.5,0.0004154,11.4,77.7,,2,31.77,0.25,Surrey,UK,Traffic road,Lane,TRUE
Abhijith,2020,"Surrey,UK",Environmental Pollution,Pollutant analyzer,NA,PM25,PM,s,500,24.22,6.22,500,21.3,9.31,infront clear road,infront green lane,mug,NA,43_Abhijith_2020,43,NA,TRUE,2,97,48,48,43_Abhijith_2020_case2,case2,obs.97,Abhijith_2020_obs.97,s,-0.128471665,5.14E-04,-0.128471665,5.14E-04,FALSE,0.022671553,0.022671553,,subpoint,11.5,0.0004154,11.4,77.7,,2,22.76,0.25,Surrey,UK,Traffic road,Lane,TRUE
Abhijith,2020,"Surrey,UK",Environmental Pollution,Pollutant analyzer,NA,PM1,PM,s,500,18.31,5.19,500,16.32,8.14,infront clear road,infront green lane,mug,NA,43_Abhijith_2020,43,NA,TRUE,3,98,49,49,43_Abhijith_2020_case3,case3,obs.98,Abhijith_2020_obs.98,s,-0.115056009,6.58E-04,-0.115056009,6.58E-04,FALSE,0.025656222,0.025656222,,subpoint,11.5,0.0004154,11.4,77.7,,2,17.315,0.25,Surrey,UK,Traffic road,Lane,TRUE
Abhijith,2020,"Surrey,UK",Environmental Pollution,Pollutant analyzer,NA,PM10,PM,s,500,33.65,7.35,500,27.11,10.5,behind clear road,behind green lane,mug,NA,43_Abhijith_2020,43,NA,TRUE,4,99,50,50,43_Abhijith_2020_case4,case4,obs.99,Abhijith_2020_obs.99,s,-0.216110393,3.95E-04,-0.216110393,3.95E-04,FALSE,0.019885635,0.019885635,,subpoint,11.5,0.0004154,11.4,77.7,,2,30.38,0.25,Surrey,UK,Traffic road,Lane,TRUE
Abhijith,2020,"Surrey,UK",Environmental Pollution,Pollutant analyzer,NA,PM25,PM,s,500,24.94,6.94,500,20.82,9.48,behind clear road,behind green lane,mug,NA,43_Abhijith_2020,43,NA,TRUE,5,100,51,51,43_Abhijith_2020_case5,case5,obs.100,Abhijith_2020_obs.100,s,-0.180558877,0.000569519,-0.180558877,0.000569519,FALSE,0.023864605,0.023864605,,subpoint,11.5,0.0004154,11.4,77.7,,2,22.88,0.25,Surrey,UK,Traffic road,Lane,TRUE
Abhijith,2020,"Surrey,UK",Environmental Pollution,Pollutant analyzer,NA,PM1,PM,s,500,17.77,5.67,500,14.78,8.27,behind clear road,behind green lane,mug,NA,43_Abhijith_2020,43,NA,TRUE,6,101,52,52,43_Abhijith_2020_case6,case6,obs.101,Abhijith_2020_obs.101,s,-0.184236727,8.30E-04,-0.184236727,8.30E-04,FALSE,0.02880608,0.02880608,,subpoint,11.5,0.0004154,11.4,77.7,,2,16.275,0.25,Surrey,UK,Traffic road,Lane,TRUE
Lucas,2020,"Uberaba,Brazil",Environmental Monitoring And Assessment,Passive sampler+Pollutant analyzer,NA,PM10,PM,s,9,46.7,5.5,9,37.2,4.2,Traffic road,Park,mug,NA,44_Lucas_2020,44,NA,TRUE,1,102,53,53,44_Lucas_2020_case1,case1,obs.102,Lucas_2020_obs.102,s,-0.227435403,0.002957514,-0.227435403,0.002957514,FALSE,0.054383027,0.054383027,,separate,900,2.544,26.3,77.5,,2.4,42,0.75,Uberaba,Brazil,Traffic road,Park,TRUE
Lucas,2020,"Uberaba,Brazil",Environmental Monitoring And Assessment,Passive sampler+Pollutant analyzer,NA,NO2,NOX,g,9,20.4,2.2,9,18.1,3.1,Traffic road,Park,mug,NA,44_Lucas_2020,44,NA,TRUE,2,103,30,50,44_Lucas_2020_case2,case2,obs.103,Lucas_2020_obs.103,g,-0.119622963,0.004551533,-0.119622963,0.004551533,FALSE,0.067465054,0.067465054,,separate,900,2.544,26.3,77.5,,2.4,19.3,0.75,Uberaba,Brazil,Traffic road,Park,TRUE
Lucas,2020,"Uberaba,Brazil",Environmental Monitoring And Assessment,Passive sampler+Pollutant analyzer,NA,O3,O3,g,9,18.4,2.2,9,20.1,2.9,Traffic road,Park,mug,NA,44_Lucas_2020,44,NA,TRUE,3,104,12,51,44_Lucas_2020_case3,case3,obs.104,Lucas_2020_obs.104,g,0.08836915,0.003901351,0.08836915,0.003901351,FALSE,0.062460794,0.062460794,,separate,900,2.544,26.3,77.5,,2.4,19.3,0.75,Uberaba,Brazil,Traffic road,Park,TRUE
Naomi,2020,Sydney,IJERPH,Pollutant analyzer,NA,PM10,PM,s,66,0.017,0.012,66,0.016,0.012,reference wall without green,green wall,mug,NA,45_Naomi_2020,45,NA,TRUE,1,105,54,54,45_Naomi_2020_case1,case1,obs.105,Naomi_2020_obs.105,s,-0.060624622,0.016072271,-0.060624622,0.016072271,FALSE,0.126776461,0.126776461,,separate,6.2,52,18,53.7,,3.6,0.0163,0.1,Sydney,Australia,Traffic road,Lane,TRUE
Naomi,2020,Sydney,IJERPH,Pollutant analyzer,NA,PM25,PM,s,49,0.017,0.015,49,0.021,0.019,reference wall without green,green wall,mug,NA,45_Naomi_2020,45,NA,TRUE,2,106,55,55,45_Naomi_2020_case2,case2,obs.106,Naomi_2020_obs.106,s,0.211309094,0.032594711,0.211309094,0.032594711,FALSE,0.180540052,0.180540052,,separate,6.2,52,18,53.7,,3.6,0.0187,0.1,Sydney,Australia,Traffic road,Lane,TRUE
Viljami,2020,"Baltimore,USA",Environmental Pollution,Pollutant analyzer,NA,PM,PM,s,3,0.69,0.25,3,0.67,0.29,"outside forests,near traffic road","inside forests,near traffic road",PNC(particle number concentrations),NA,46_Viljami_2020,46,NA,TRUE,1,107,56,56,46_Viljami_2020_case1,case1,obs.107,Viljami_2020_obs.107,s,-0.029413885,0.106207263,-0.029413885,0.106207263,FALSE,0.325894559,0.325894559,,subpoint,50,0.007854,17.8,77,,0.38,34.4,0.85,Baltimore,USA,Traffic road,Forest,TRUE
Viljami,2020,"Helsinki,Finland",Environmental Pollution,Pollutant analyzer,NA,PM,PM,s,3,0.69,0.29,3,0.48,0.3,"outside forests,near traffic road","inside forests,near traffic road",PNC(particle number concentrations),NA,46_Viljami_2020,46,NA,TRUE,2,108,57,57,46_Viljami_2020_case2,case2,obs.108,Viljami_2020_obs.108,s,-0.362905494,0.189089521,-0.362905494,0.189089521,FALSE,0.434844249,0.434844249,,subpoint,50,0.007854,10.4,65,,0.6,29.6,0.69,Helsinki,Finland,Traffic road,Forest,TRUE
Viljami,2020,"Shenyang,China",Environmental Pollution,Pollutant analyzer,NA,PM,PM,s,2,0.67,0.23,2,0.71,0.21,"outside forests,near traffic road","inside forests,near traffic road",PNC(particle number concentrations),NA,46_Viljami_2020,46,NA,TRUE,3,109,58,58,46_Viljami_2020_case3,case3,obs.109,Viljami_2020_obs.109,s,0.057987258,0.10266313,0.057987258,0.10266313,FALSE,0.320410877,0.320410877,,subpoint,50,0.007854,17.1,55,,0.44,34.9,0.57,Shenyang,China,Traffic road,Forest,TRUE
Yli-Pelkonen,2020,Helsinki,Atmospheric Environment,Passive sampler,NA,NO2,NOX,g,9,16.7,3.7,9,16.8,4.2,outside forests,inside forests,mug,"2m,below canopy,summer",48_Yli-Pelkonen_2020,48,NA,TRUE,1,110,31,52,48_Yli-Pelkonen_2020_case1,case1,obs.110,Yli-Pelkonen_2020_obs.110,g,0.005970167,0.012398606,0.005970167,0.012398606,FALSE,0.111349028,0.111349028,,subpoint,19.4,0.00118,15.8,70,,1.5,16.8,0.76,Helsinki,Finland,Traffic road,Forest,TRUE
Yli-Pelkonen,2020,Helsinki,Atmospheric Environment,Passive sampler,NA,NO2,NOX,g,9,16,3.4,9,16,3.9,outside forests,inside forests,mug,"4.8m,above canopy,summer",48_Yli-Pelkonen_2020,48,NA,TRUE,2,111,32,53,48_Yli-Pelkonen_2020_case2,case2,obs.111,Yli-Pelkonen_2020_obs.111,g,0,0.011618924,0,0.011618924,FALSE,0.107791111,0.107791111,,subpoint,19.4,0.00118,15.8,70,,1.5,16,0.76,Helsinki,Finland,Traffic road,Forest,TRUE
Yli-Pelkonen,2020,Helsinki,Atmospheric Environment,Passive sampler,NA,NO2,NOX,g,9,27.6,6.3,9,27.1,6.2,outside forests,inside forests,mug,"2m,below canopy,winter",48_Yli-Pelkonen_2020,48,NA,TRUE,3,112,33,54,48_Yli-Pelkonen_2020_case3,case3,obs.112,Yli-Pelkonen_2020_obs.112,g,-0.018282045,0.011604929,-0.018282045,0.011604929,FALSE,0.107726175,0.107726175,,subpoint,19.4,0.00118,2.1,89,,5.4,27.4,0.15,Helsinki,Finland,Outside forest,Forest,FALSE
Yli-Pelkonen,2020,Helsinki,Atmospheric Environment,Passive sampler,NA,NO2,NOX,g,9,26.8,5.3,9,27.3,6.3,outside forests,inside forests,mug,"4.8m,above canopy,winter",48_Yli-Pelkonen_2020,48,NA,TRUE,4,113,34,55,48_Yli-Pelkonen_2020_case4,case4,obs.113,Yli-Pelkonen_2020_obs.113,g,0.018484815,0.010262659,0.018484815,0.010262659,FALSE,0.101304781,0.101304781,,subpoint,19.4,0.00118,2.1,89,,5.4,27,0.15,Helsinki,Finland,Outside forest,Forest,FALSE
Gui,2021,"Chongqing,China",JOHSIWC,Pollutant analyzer,NA,TSP,PM,s,9,148,50.5,9,121.1,35.9,"no vegetation cover,park","vegetation cover,park",mug,NA,49_Gui_2021,49,NA,TRUE,1,114,59,59,49_Gui_2021_case1,case1,obs.114,Gui_2021_obs.114,s,-0.200595623,0.022701183,-0.200595623,0.022701183,FALSE,0.150669116,0.150669116,,subpoint,20,0.00126,19.2,75.6,,1.3,134.55,,Chongqing,China,Outside patch,Park,TRUE
Gui,2021,"Chongqing,China",JOHSIWC,Pollutant analyzer,NA,PM10,PM,s,9,96.4,27.3,9,82.9,16.8,"no vegetation cover,park","vegetation cover,park",mug,NA,49_Gui_2021,49,NA,TRUE,2,115,60,60,49_Gui_2021_case2,case2,obs.115,Gui_2021_obs.115,s,-0.150871139,0.01347422,-0.150871139,0.01347422,FALSE,0.116078509,0.116078509,,subpoint,20,0.00126,19.2,75.6,,1.3,89.65,,Chongqing,China,Outside patch,Park,TRUE
Gui,2021,"Chongqing,China",JOHSIWC,Pollutant analyzer,NA,PM25,PM,s,9,62.2,15.5,9,48.3,9.8,"no vegetation cover,park","vegetation cover,park",mug,"missing sd,replaced by spring",49_Gui_2021,49,NA,TRUE,3,116,61,61,49_Gui_2021_case3,case3,obs.116,Gui_2021_obs.116,s,-0.252923439,0.01147406,-0.252923439,0.01147406,FALSE,0.107117038,0.107117038,,subpoint,20,0.00126,19.2,75.6,,1.3,55.25,,Chongqing,China,Outside patch,Park,TRUE
YinShan,2007,Shanghai,Acta Ecologica Sinica,Pollutant analyzer,NA,PM,PM,s,6,0.51,0.04,6,0.33,0.1,roadside-5m,roadside,mg,NA,5_YinShan_2007,5,NA,TRUE,1,117,62,62,5_YinShan_2007_case1,case1,obs.117,YinShan_2007_obs.117,s,-0.435318071,0.016329807,-0.435318071,0.016329807,FALSE,0.127788135,0.127788135,,subpoint,5,7.85375E-05,17.4,74,,3.4,420,0.77,Shanghai,China,Traffic road,Lane,TRUE
YinShan,2007,Shanghai,Acta Ecologica Sinica,Pollutant analyzer,NA,PM,PM,s,6,0.51,0.04,6,0.22,0.04,roadside-10m,roadside,mg,NA,5_YinShan_2007,5,NA,TRUE,2,118,63,63,5_YinShan_2007_case2,case2,obs.118,YinShan_2007_obs.118,s,-0.840783179,0.006534889,-0.840783179,0.006534889,FALSE,0.080838658,0.080838658,,subpoint,10,0.00031415,17.4,74,,3.4,364,0.77,Shanghai,China,Traffic road,Lane,TRUE
YinShan,2007,Shanghai,Acta Ecologica Sinica,Pollutant analyzer,NA,PM,PM,s,6,0.51,0.04,6,0.2,0.03,roadside-15m,roadside,mg,NA,5_YinShan_2007,5,NA,TRUE,3,119,64,64,5_YinShan_2007_case3,case3,obs.119,YinShan_2007_obs.119,s,-0.936093359,0.004775247,-0.936093359,0.004775247,FALSE,0.06910316,0.06910316,,subpoint,15,0.000706838,17.4,74,,3.4,358,0.77,Shanghai,China,Traffic road,Lane,TRUE
Hu,2021,"Fuzhou,China",Building and Environment,Pollutant analyzer,NA,PM25,PM,s,8,34,14.9,25,31.7,14.8,narrow street,urban park,mug,NA,50_Hu_2021,50,NA,TRUE,1,120,65,65,50_Hu_2021_case1,case1,obs.120,Hu_2021_obs.120,s,-0.070043844,0.032725236,-0.070043844,0.032725236,FALSE,0.180901177,0.180901177,,separate,700,1.54,27.6,78,,4,32.85,0.08,Fuzhou,China,Traffic road,Park,TRUE
Hu,2021,"Fuzhou,China",Building and Environment,Pollutant analyzer,NA,PM25,PM,s,8,34.3,15.2,25,31.7,14.8,wide street,urban park,mug,NA,50_Hu_2021,50,NA,TRUE,2,121,66,66,50_Hu_2021_case2,case2,obs.121,Hu_2021_obs.121,s,-0.078828673,0.033266559,-0.078828673,0.033266559,FALSE,0.182391226,0.182391226,,separate,700,1.54,27.6,78,,4,33,0.49,Fuzhou,China,Traffic road,Park,TRUE
Hu,2021,"Fuzhou,China",Building and Environment,Pollutant analyzer,NA,PM10,PM,s,8,46,15.8,25,42.7,15.7,narrow street,urban park,mug,NA,50_Hu_2021,50,NA,TRUE,3,122,67,67,50_Hu_2021_case3,case3,obs.122,Hu_2021_obs.122,s,-0.074442476,0.020154752,-0.074442476,0.020154752,FALSE,0.141967432,0.141967432,,separate,700,1.54,27.6,78,,4,44.35,0.08,Fuzhou,China,Traffic road,Park,TRUE
Hu,2021,"Fuzhou,China",Building and Environment,Pollutant analyzer,NA,PM10,PM,s,8,46.5,16.4,25,42.7,15.7,wide street,urban park,mug,NA,50_Hu_2021,50,NA,TRUE,4,123,68,68,50_Hu_2021_case4,case4,obs.123,Hu_2021_obs.123,s,-0.085253392,0.020956206,-0.085253392,0.020956206,FALSE,0.144762584,0.144762584,,separate,700,1.54,27.6,78,,4,44.6,0.49,Fuzhou,China,Traffic road,Park,TRUE
Fedrica,2013,"Siena,Italy","21st International Conference on Modelling, Monitoring and Management of Air Pollution",Passive sampler,Oak forsts,NO2,NOX,g,16,47.06,12.03,16,58.74,10.28,outside forsts-1m from roadside,inside forsts-1m from roadside,mug,NA,53_Fedrica_2013,53,NA,TRUE,1,124,35,56,53_Fedrica_2013_case1,case1,obs.124,Fedrica_2013_obs.124,g,0.221697542,0.005998453,0.221697542,0.005998453,FALSE,0.077449679,0.077449679,,subpoint,1,3.1415E-06,13.8,78,,2.3,52.9,0.51,Siena,Italy,Traffic road,Patch,TRUE
Fedrica,2013,"Siena,Italy","21st International Conference on Modelling, Monitoring and Management of Air Pollution",Passive sampler,Oak forsts,NO2,NOX,g,16,37.3,2.79,16,31.55,4.01,outside forsts-5m from roadside,inside forsts-5m from roadside,mug,NA,53_Fedrica_2013,53,NA,TRUE,2,125,36,57,53_Fedrica_2013_case2,case2,obs.125,Fedrica_2013_obs.125,g,-0.167419738,0.001359328,-0.167419738,0.001359328,FALSE,0.036869067,0.036869067,,subpoint,5,7.85375E-05,13.8,78,,2.3,34.425,0.51,Siena,Italy,Traffic road,Patch,TRUE
Fedrica,2013,"Siena,Italy","21st International Conference on Modelling, Monitoring and Management of Air Pollution",Passive sampler,Oak forsts,NO2,NOX,g,16,29.8,6.27,16,24.75,5.75,outside forsts-10m from roadside,inside forsts-10m from roadside,mug,NA,53_Fedrica_2013,53,NA,TRUE,3,126,37,58,53_Fedrica_2013_case3,case3,obs.126,Fedrica_2013_obs.126,g,-0.185682904,0.006140211,-0.185682904,0.006140211,FALSE,0.078359498,0.078359498,,subpoint,10,0.00031415,13.8,78,,2.3,27.275,0.51,Siena,Italy,Traffic road,Patch,TRUE
Fedrica,2013,"Siena,Italy","21st International Conference on Modelling, Monitoring and Management of Air Pollution",Passive sampler,Oak forsts,O3,O3,g,16,43.13,12.13,16,37.27,10.4,outside forsts-1m from roadside,inside forsts-1m from roadside,mug,NA,53_Fedrica_2013,53,NA,TRUE,4,127,13,59,53_Fedrica_2013_case4,case4,obs.127,Fedrica_2013_obs.127,g,-0.146030097,0.009810218,-0.146030097,0.009810218,FALSE,0.099046546,0.099046546,,subpoint,1,3.1415E-06,13.8,78,,2.3,40.2,0.51,Siena,Italy,Traffic road,Patch,TRUE
Fedrica,2013,"Siena,Italy","21st International Conference on Modelling, Monitoring and Management of Air Pollution",Passive sampler,Oak forsts,O3,O3,g,16,45.01,2.92,16,44.02,3.9,outside forsts-5m from roadside,inside forsts-5m from roadside,mug,NA,53_Fedrica_2013,53,NA,TRUE,5,128,14,60,53_Fedrica_2013_case5,case5,obs.128,Fedrica_2013_obs.128,g,-0.022240611,7.54E-04,-0.022240611,7.54E-04,FALSE,0.027452191,0.027452191,,subpoint,5,7.85375E-05,13.8,78,,2.3,44.515,0.51,Siena,Italy,Traffic road,Patch,TRUE
Fedrica,2013,"Siena,Italy","21st International Conference on Modelling, Monitoring and Management of Air Pollution",Passive sampler,Oak forsts,O3,O3,g,16,46.78,6.28,16,42.65,5.63,outside forsts-10m from roadside,inside forsts-10m from roadside,mug,NA,53_Fedrica_2013,53,NA,TRUE,6,129,15,61,53_Fedrica_2013_case6,case6,obs.129,Fedrica_2013_obs.129,g,-0.092428487,0.002215442,-0.092428487,0.002215442,FALSE,0.047068478,0.047068478,,subpoint,10,0.00031415,13.8,78,,2.3,44.715,0.51,Siena,Italy,Traffic road,Patch,TRUE
Federica,2015,"Siena,Italy",Urban Climate,Passive sampler,NA,NO2,NOX,g,20,53.7,4.4,20,61.6,5.1,open field,under tree canopy,mug,"1M to traffic road,average of 5 month",54_Federica_2015,54,NA,TRUE,1,130,38,62,54_Federica_2015_case1,case1,obs.130,Federica_2015_obs.130,g,0.137248869,6.78E-04,0.137248869,6.78E-04,FALSE,0.026046276,0.026046276,,subpoint,1,3.1415E-06,13.4,77,,2,57.65,0.43,Siena,Italy,Traffic road,Patch,TRUE
Federica,2015,"Siena,Italy",Urban Climate,Passive sampler,NA,NO2,NOX,g,20,34.4,3.3,20,29.2,4.2,open field,under tree canopy,mug,"5M to traffic road,average of 5 month",54_Federica_2015,54,NA,TRUE,2,131,39,63,54_Federica_2015_case2,case2,obs.131,Federica_2015_obs.131,g,-0.163887855,0.001494565,-0.163887855,0.001494565,FALSE,0.0386596,0.0386596,,subpoint,5,7.85375E-05,13.4,77,,2,31.8,0.43,Siena,Italy,Traffic road,Patch,TRUE
Federica,2015,"Siena,Italy",Urban Climate,Passive sampler,NA,NO2,NOX,g,20,28.9,4.5,20,22.5,3,open field,under tree canopy,mug,"10M to traffic road,average of 5 month",54_Federica_2015,54,NA,TRUE,3,132,40,64,54_Federica_2015_case3,case3,obs.132,Federica_2015_obs.132,g,-0.250326286,0.002101159,-0.250326286,0.002101159,FALSE,0.045838399,0.045838399,,subpoint,10,0.00031415,13.4,77,,2,25.7,0.43,Siena,Italy,Traffic road,Patch,TRUE
Federica,2015,"Siena,Italy",Urban Climate,Passive sampler,NA,O3,O3,g,20,23.4,2.1,20,35.6,6.2,open field,under tree canopy,mug,"1M to traffic road,average of 5 month",54_Federica_2015,54,NA,TRUE,4,133,16,65,54_Federica_2015_case4,case4,obs.133,Federica_2015_obs.133,g,0.419609615,0.001919234,0.419609615,0.001919234,FALSE,0.043809062,0.043809062,,subpoint,1,3.1415E-06,13.4,77,,2,29.5,0.43,Siena,Italy,Traffic road,Patch,TRUE
Federica,2015,"Siena,Italy",Urban Climate,Passive sampler,NA,O3,O3,g,20,42.4,3.1,20,38.4,4.3,open field,under tree canopy,mug,"5M to traffic road,average of 5 month",54_Federica_2015,54,NA,TRUE,5,134,17,66,54_Federica_2015_case5,case5,obs.134,Federica_2015_obs.134,g,-0.099090903,8.94E-04,-0.099090903,8.94E-04,FALSE,0.029903909,0.029903909,,subpoint,5,7.85375E-05,13.4,77,,2,40.4,0.43,Siena,Italy,Traffic road,Patch,TRUE
Federica,2015,"Siena,Italy",Urban Climate,Passive sampler,NA,O3,O3,g,20,41.6,4.7,20,35.9,4.6,open field,under tree canopy,mug,"10M to traffic road,average of 5 month",54_Federica_2015,54,NA,TRUE,6,135,18,67,54_Federica_2015_case6,case6,obs.135,Federica_2015_obs.135,g,-0.147362872,0.001459145,-0.147362872,0.001459145,FALSE,0.038198757,0.038198757,,subpoint,10,0.00031415,13.4,77,,2,38.75,0.43,Siena,Italy,Traffic road,Patch,TRUE
Liu,2016,"Beijing,China",Environmental Science And Pollution Research,Pollutant analyzer,NA,PM10,PM,s,11,129,30.9,11,157.8,51.2,bare land,forests,mug,NA,55_Liu_2016,55,NA,TRUE,1,136,69,69,55_Liu_2016_case1,case1,obs.136,Liu_2016_obs.136,s,0.201516004,0.014786557,0.201516004,0.014786557,FALSE,0.121599987,0.121599987,,separate,1260,4.987,9.2,55,,1.8,143.4,0.37,Beijing,China,Outside forest,Forest,FALSE
Liu,2016,"Beijing,China",Environmental Science And Pollution Research,Pollutant analyzer,NA,PM25,PM,s,11,56.3,14.5,11,53.6,10.2,bare land,forests,mug,NA,55_Liu_2016,55,NA,TRUE,2,137,70,70,55_Liu_2016_case2,case2,obs.137,Liu_2016_obs.137,s,-0.049145467,0.009322266,-0.049145467,0.009322266,FALSE,0.096551884,0.096551884,,separate,1260,4.987,9.2,55,,1.8,54.9,0.37,Beijing,China,Outside forest,Forest,FALSE
Yli-Pelkonen,2018,"Yanji,China",Atmospheric Environment,Passive sampler,NA,NO2,NOX,g,6,20.7,6.5,6,20.3,5.9,open area,under tree cover,mug,experimental sites located in urban park,56_Yli-Pelkonen_2018,56,NA,TRUE,3,138,41,68,56_Yli-Pelkonen_2018_case3,case3,obs.138,Yli-Pelkonen_2018_obs.138,g,-0.019512814,0.030512318,-0.019512814,0.030512318,FALSE,0.174677754,0.174677754,,subpoint,54,0.00916,17,60,,2.3,20.5,0.76,Yanji,China,Outside patch,Patch,TRUE
Yli-Pelkonen,2018,"Yanji,China",Atmospheric Environment,Passive sampler,NA,SO2,SO2,g,6,2.6,1.2,6,2.1,0.9,open area,under tree cover,mug,experimental sites located in urban park,56_Yli-Pelkonen_2018,56,NA,TRUE,4,139,10,69,56_Yli-Pelkonen_2018_case4,case4,obs.139,Yli-Pelkonen_2018_obs.139,g,-0.2135741,0.066115203,-0.2135741,0.066115203,FALSE,0.257128768,0.257128768,,subpoint,54,0.00916,17,60,,2.3,2.35,0.76,Yanji,China,Outside patch,Patch,TRUE
Yli-Pelkonen,2018,"Yanji,China",Atmospheric Environment,Passive sampler,NA,O3,O3,g,6,73.7,4.9,6,69.1,4.9,open area,under tree cover,mug,experimental sites located in urban park,56_Yli-Pelkonen_2018,56,NA,TRUE,5,140,19,70,56_Yli-Pelkonen_2018_case5,case5,obs.140,Yli-Pelkonen_2018_obs.140,g,-0.064448068,0.001574805,-0.064448068,0.001574805,FALSE,0.039683808,0.039683808,,subpoint,54,0.00916,17,60,,2.3,71.4,0.76,Yanji,China,Outside patch,Patch,TRUE
Jesus M.Mesanza,1997,Spain,Journal of Environmental Science & health part a,Pollutant analyzer,NA,O3,O3,g,149,16,7.2,150,21.5,9.5,urban,forests,ppb,NA,6_Jesus M.Mesanza_1997,6,NA,TRUE,1,141,20,71,6_Jesus M.Mesanza_1997_case1,case1,obs.141,Jesus M.Mesanza_1997_obs.141,g,0.295464213,0.002660665,0.295464213,0.002660665,FALSE,0.051581633,0.051581633,,separate,,,15.1,78,,2.4,40.3,,Basque,Spain,urban,Forest,TRUE
Masaaki,2008,"Hiroshima,Japan",Environmental Monitoring And Assessment,Passive sampler,NA,SO2,SO2,g,3,2.22,0.41,3,1.19,0.17,uban,mountain,mug,winter,8_Masaaki_2008,8,NA,TRUE,1,142,11,72,8_Masaaki_2008_case1,case1,obs.142,Masaaki_2008_obs.142,g,-0.623553889,0.018172199,-0.623553889,0.018172199,FALSE,0.134804298,0.134804298,,separate,,,8.9,68.7,,1.2,1.705,,Hiroshima,Japan,urban,Forest,FALSE
Masaaki,2008,"Hiroshima,Japan",Environmental Monitoring And Assessment,Passive sampler,NA,SO2,SO2,g,3,3.55,1.8,3,1.6,1.08,uban,mountain,mug,spring,8_Masaaki_2008,8,NA,TRUE,2,143,12,73,8_Masaaki_2008_case2,case2,obs.143,Masaaki_2008_obs.143,g,-0.796943974,0.237572282,-0.796943974,0.237572282,FALSE,0.487413872,0.487413872,,separate,,,10.2,64.7,,1.2,2.575,,Hiroshima,Japan,urban,Forest,FALSE
Masaaki,2008,"Hiroshima,Japan",Environmental Monitoring And Assessment,Passive sampler,NA,SO2,SO2,g,3,2.82,1.33,3,1.06,0.37,uban,mountain,mug,summer,8_Masaaki_2008,8,NA,TRUE,3,144,13,74,8_Masaaki_2008_case3,case3,obs.144,Masaaki_2008_obs.144,g,-0.978467977,0.114758836,-0.978467977,0.114758836,FALSE,0.338760735,0.338760735,,separate,,,26.4,70.7,,1.2,1.94,,Hiroshima,Japan,urban,Forest,TRUE
Masaaki,2008,"Hiroshima,Japan",Environmental Monitoring And Assessment,Passive sampler,NA,SO2,SO2,g,3,1.44,0.81,3,0.85,0.6,uban,mountain,mug,fall,8_Masaaki_2008,8,NA,TRUE,4,145,14,75,8_Masaaki_2008_case4,case4,obs.145,Masaaki_2008_obs.145,g,-0.527162043,0.271558715,-0.527162043,0.271558715,FALSE,0.521112958,0.521112958,,separate,,,24.1,69.7,,1.2,1.145,,Hiroshima,Japan,urban,Forest,TRUE
Tanner,2010,"Springfield, USA",Environmental Pollution,Passive sampler,NA,NO2,NOX,g,5,8,1.3,5,9.9,1.4,outside tree,under tree,ppb,NA,9_Tanner_2010,9,NA,TRUE,1,146,42,76,9_Tanner_2010_case1,case1,obs.146,Tanner_2010_obs.146,g,0.213093215,0.009280842,0.213093215,0.009280842,FALSE,0.096337126,0.096337126,,subpoint,0.45,6.36154E-07,20.6,75,,2.3,18.3,0.65,Springfield,USA,Outside patch,Patch,TRUE
Tanner,2010,"Springfield, USA",Environmental Pollution,Passive sampler,NA,O3,O3,g,5,27.2,5.7,5,21.1,2.5,outside tree,under tree,ppb,NA,9_Tanner_2010,9,NA,TRUE,2,147,21,77,9_Tanner_2010_case2,case2,obs.147,Tanner_2010_obs.147,g,-0.253943933,0.011590644,-0.253943933,0.011590644,FALSE,0.107659853,0.107659853,,subpoint,0.45,6.36154E-07,20.6,75,,2.3,51.6,0.65,Springfield,USA,Outside patch,Patch,TRUE
W. Kuttler,1999,1_W. Kuttler_1999,Atmospheric Environment,Pollutant analyzer,None,NO,NOX,g,8,238.5,115.5,8,61,42,Motorway,Park,NA,NA,1_W. Kuttler_1999,1,4,FALSE,1,148,43,78,1_W. Kuttler_1999_case1,case1,obs.148,W. Kuttler_1999_obs.148,g,-1.462488439,0.058777713,-1.297240169,0.024480642,TRUE,0.242441154,0.156462908,,separate,5000,78.54,11.4,77,,3.59,149.75,,Essen,Germany,Traffic road,Park,TRUE
W. Kuttler,1999,Germany,Atmospheric Environment,Pollutant analyzer,None,NO,NOX,g,24,197.25,130.25,26,23,20,Motorway,Park,NA,NA,1_W. Kuttler_1999,1,4,FALSE,2,152,47,82,1_W. Kuttler_1999_case2,case2,obs.152,W. Kuttler_1999_obs.152,g,-1.923681321,0.031550069,-1.875765827,0.01265007,TRUE,0.177623392,0.112472532,,separate,5000,78.54,11.4,77,,3.59,110.125,,Essen,Germany,Traffic road,Park,TRUE
W. Kuttler,1999,Germany,Atmospheric Environment,Pollutant analyzer,None,NO,NOX,g,13,142,117.25,18,27,23,Motorway,Park,NA,NA,1_W. Kuttler_1999,1,4,FALSE,3,156,51,86,1_W. Kuttler_1999_case3,case3,obs.156,W. Kuttler_1999_obs.156,g,-1.402873114,0.05601746,-1.42493333,0.026207078,TRUE,0.23668008,0.161886003,,separate,5000,78.54,11.4,77,,3.59,84.5,,Essen,Germany,Traffic road,Park,TRUE
W. Kuttler,1999,Germany,Atmospheric Environment,Pollutant analyzer,None,NO2,NOX,g,8,84.75,16,8,69,20,Motorway,Park,NA,NA,1_W. Kuttler_1999,1,4,FALSE,4,160,55,90,1_W. Kuttler_1999_case4,case4,obs.160,W. Kuttler_1999_obs.160,g,-0.280289873,0.010760897,-0.226344595,0.00411751,TRUE,0.103734743,0.064167826,,separate,5000,78.54,11.4,77,,3.59,76.875,,Essen,Germany,Traffic road,Park,TRUE
W. Kuttler,1999,Germany,Atmospheric Environment,Pollutant analyzer,None,NO2,NOX,g,24,71,19.5,26,37,12,Motorway,Park,NA,NA,1_W. Kuttler_1999,1,4,FALSE,5,164,59,94,1_W. Kuttler_1999_case5,case5,obs.164,W. Kuttler_1999_obs.164,g,-0.739069307,0.00445602,-0.656104718,0.001853976,TRUE,0.066753425,0.043057824,,separate,5000,78.54,11.4,77,,3.59,54,,Essen,Germany,Traffic road,Park,TRUE
W. Kuttler,1999,Germany,Atmospheric Environment,Pollutant analyzer,None,NO2,NOX,g,13,63.25,25,18,29,12,Motorway,Park,NA,NA,1_W. Kuttler_1999,1,4,FALSE,6,168,63,98,1_W. Kuttler_1999_case6,case6,obs.168,W. Kuttler_1999_obs.168,g,-0.769828297,0.013247313,-0.761710164,0.006134064,TRUE,0.115096972,0.078320267,,separate,5000,78.54,11.4,77,,3.59,46.125,,Essen,Germany,Traffic road,Park,TRUE
W. Kuttler,1999,Germany,Atmospheric Environment,Pollutant analyzer,None,O3,O3,g,8,11.5,10,8,22,22,Motorway,Park,NA,NA,1_W. Kuttler_1999,1,4,FALSE,7,172,22,102,1_W. Kuttler_1999_case7,case7,obs.172,W. Kuttler_1999_obs.172,g,0.8956456,0.161191525,0.882553565,0.068329042,TRUE,0.401486644,0.261398244,,separate,5000,78.54,11.4,77,,3.59,16.75,,Essen,Germany,Traffic road,Park,TRUE
W. Kuttler,1999,Germany,Atmospheric Environment,Pollutant analyzer,None,O3,O3,g,24,24.25,11.5,26,44,16,Motorway,Park,NA,NA,1_W. Kuttler_1999,1,4,FALSE,8,176,26,106,1_W. Kuttler_1999_case8,case8,obs.176,W. Kuttler_1999_obs.176,g,0.506740475,0.00800059,0.544230374,0.004381141,TRUE,0.089446019,0.066190185,,separate,5000,78.54,11.4,77,,3.59,34.125,,Essen,Germany,Traffic road,Park,TRUE
W. Kuttler,1999,Germany,Atmospheric Environment,Pollutant analyzer,None,O3,O3,g,13,13,9.5,18,30,15,Motorway,Park,NA,NA,1_W. Kuttler_1999,1,4,FALSE,9,180,30,110,1_W. Kuttler_1999_case9,case9,obs.180,W. Kuttler_1999_obs.180,g,0.690291506,0.024728129,0.721529643,0.015169715,TRUE,0.157251802,0.123165399,,separate,5000,78.54,11.4,77,,3.59,21.5,,Essen,Germany,Traffic road,Park,TRUE
Gu Lin,2013,"WuXi,China",Chinese Journal of Applied Ecology,Pollutant analyzer,NA,PM25,PM,s,3,58.46,3.98,3,57.04333333,0.876666667,outside forests(road-spring),inside forests,mug,NA,13_Gu Lin_2013,13,NA,FALSE,1,184,71,71,13_Gu Lin_2013_case1,case1,obs.184,Gu Lin_2013_obs.184,s,-0.054694216,0.001566574,-0.031824914,5.42E-04,FALSE,0.03957997,0.023283672,,separate,50,0.00785375,19.4,61.6,,1.1,57.75166667,0.5,Wuxi,China,Outside forest,Forest,FALSE
Gu Lin,2013,"WuXi,China",Chinese Journal of Applied Ecology,Pollutant analyzer,NA,PM25,PM,s,3,13.03,0.1,3,12.44666667,0.183333333,outside forests(road-summer),inside forests,mug,NA,13_Gu Lin_2013,13,NA,FALSE,2,187,74,74,13_Gu Lin_2013_case2,case2,obs.187,Gu Lin_2013_obs.187,s,-0.055847512,2.77E-05,-0.051284589,1.83E-05,FALSE,0.005265496,0.004283428,,separate,50,0.00785375,31,70.9,,1,12.73833334,0.8,Wuxi,China,Outside forest,Forest,TRUE
Gu Lin,2013,"WuXi,China",Chinese Journal of Applied Ecology,Pollutant analyzer,NA,PM25,PM,s,3,51.1,9.91,3,33.99333333,3.22,outside forests(road-autumn),inside forests,mug,NA,13_Gu Lin_2013,13,NA,FALSE,3,190,77,77,13_Gu Lin_2013_case3,case3,obs.190,Gu Lin_2013_obs.190,s,-0.349558054,0.013115499,-0.402155249,0.005265016,FALSE,0.114522919,0.072560427,,separate,50,0.00785375,15.7,71.6,,0.9,42.54666667,0.6,Wuxi,China,Outside forest,Forest,TRUE
Gu Lin,2013,"WuXi,China",Chinese Journal of Applied Ecology,Pollutant analyzer,NA,PM25,PM,s,3,42.87,4.83,3,39.61333333,0.973333333,outside forests(road-winter),inside forests,mug,NA,13_Gu Lin_2013,13,NA,FALSE,4,193,80,80,13_Gu Lin_2013_case4,case4,obs.193,Gu Lin_2013_obs.193,s,-0.067485148,0.00429664,-0.080256582,0.00147933,FALSE,0.065548759,0.038462053,,separate,50,0.00785375,3.8,54.7,,0.8,41.24166667,0.4,Wuxi,China,Outside forest,Forest,FALSE
Cohen,2014,"Tel-Aviv, Israel",Environmental Pollution,Pollutant analyzer,NA,NOX,NOX,g,144,281.5,157.5,144,89,92,urban square(winter),urban park(winter),ppb,NA,18_Cohen_2014,18,NA,FALSE,1,196,67,114,18_Cohen_2014_case1,case1,obs.196,Cohen_2014_obs.196,g,-0.900380378,0.008340967,-1.001583558,0.004680397,TRUE,0.091328896,0.068413431,,separate,55,0.009503038,13.6,66,,1.6,380,0.65,Tel-Aviv,Israel,Urban,Park,FALSE
Cohen,2014,"Tel-Aviv, Israel",Environmental Pollution,Pollutant analyzer,NA,NOX,NOX,g,192,27,28.5,192,17,12,urban square(summer),urban park(summer),ppb,NA,18_Cohen_2014,18,NA,FALSE,2,198,69,116,18_Cohen_2014_case2,case2,obs.198,Cohen_2014_obs.198,g,-0.367109299,0.005102673,-0.389472179,0.003890392,TRUE,0.071432999,0.062373006,,separate,55,0.009503038,24.1,67,,1.9,45,0.85,Tel-Aviv,Israel,Urban,Park,TRUE
Cohen,2014,"Tel-Aviv, Israel",Environmental Pollution,Pollutant analyzer,NA,PM10,PM,s,144,69,30.5,144,24,9,urban square(winter),urban park(winter),mug,NA,18_Cohen_2014,18,NA,FALSE,1,200,83,83,18_Cohen_2014_case3,case3,obs.200,Cohen_2014_obs.200,s,-1.0253615,0.001636981,-1.032882321,0.001152165,TRUE,0.040459618,0.033943561,,separate,55,0.009503038,13.6,66,,1.6,46.5,0.65,Tel-Aviv,Israel,Urban,Park,FALSE
Cohen,2014,"Tel-Aviv, Israel",Environmental Pollution,Pollutant analyzer,NA,PM10,PM,s,192,34,18,192,33,13,urban square(summer),urban park(summer),mug,NA,18_Cohen_2014,18,NA,FALSE,4,202,85,85,18_Cohen_2014_case4,case4,obs.202,Cohen_2014_obs.202,s,0.104846298,0.001364156,0.065668927,0.001010075,TRUE,0.036934479,0.031781685,,separate,55,0.009503038,24.1,67,,1.9,33.5,0.85,Tel-Aviv,Israel,Urban,Park,TRUE
Cohen,2014,"Tel-Aviv, Israel",Environmental Pollution,Pollutant analyzer,NA,O3,O3,g,144,21,13,144,23,13,urban square(winter),urban park(winter),ppb,NA,18_Cohen_2014,18,NA,FALSE,5,204,34,118,18_Cohen_2014_case5,case5,obs.204,Cohen_2014_obs.204,g,0.087578541,0.003546161,0.08962965,0.002442367,TRUE,0.059549651,0.049420308,,separate,55,0.009503038,13.6,66,,1.6,47,0.65,Tel-Aviv,Israel,Urban,Park,FALSE
Cohen,2014,"Tel-Aviv, Israel",Environmental Pollution,Pollutant analyzer,NA,O3,O3,g,192,33,15.5,192,37,17,urban square(summer),urban park(summer),ppb,NA,18_Cohen_2014,18,NA,FALSE,6,206,36,120,18_Cohen_2014_case6,case6,obs.206,Cohen_2014_obs.206,g,0.111095403,0.001669473,0.112933719,0.001124097,TRUE,0.040859184,0.03352756,,separate,55,0.009503038,24.1,67,,1.9,75,0.85,Tel-Aviv,Israel,Urban,Park,TRUE
Deniz,2016,"Biga Peninsula,Turkey",Science of The Total Environment,Passive sampler+Pollutant analyzer,NA,O3,O3,g,12,71.6,26.5,12,100.7,20.5,suburban,mountain,mug,NA,25_Deniz_2016,25,NA,FALSE,1,208,38,122,25_Deniz_2016_case1,case1,obs.208,Deniz_2016_obs.208,g,0.350021538,0.013126005,0.341364985,0.007454996,FALSE,0.114568778,0.086342319,,separate,,,16.7,68,,3.1,86.2,0.8,Biga Peninsula,Turkey,Urban,Forest,TRUE
Wang,2016,"Hefei,China",Ecology and Environmental Sciences,Pollutant analyzer,NA,PM25,PM,s,10,64.4,15.3,10,49.83333333,11.7,open square,grassland,mug,NA,26_Wang_2016,26,NA,FALSE,1,210,87,87,26_Wang_2016_case1,case1,obs.210,Wang_2016_obs.210,s,-0.258907463,0.007458981,-0.259785077,0.003712128,FALSE,0.086365394,0.060927237,,separate,80,0.0201,28,80,,2.7,57.1,0.6,Hefei,China,Urban,Patch,TRUE
Desyana,2017,"Bogor,Indonesia",IOP:EES,Pollutant analyzer,NA,NO2,NOX,g,3,67.41,10.38,3,44.84333333,6.033333333,open area,under tree,NA,"distance to the road 0, 10, 30m",27_Desyana_2017,27,NA,FALSE,1,213,71,124,27_Desyana_2017_case1,case1,obs.213,Desyana_2017_obs.213,g,-0.445644299,0.008738653,-0.445434325,0.00421264,FALSE,0.093480761,0.064904852,,subpoint,13,0.000125,26.1,78,,1.0 ,56.1,0.8,Bogor,Indonesia,Urban,Patch,TRUE
Duan,2017,"Shenzhen,China",JBFU,Pollutant analyzer,NA,TSP,PM,s,12,127.71,6.11,12,114.1066667,13.02333333,urban square,Foothill,mug,NA,30_Duan_2017,30,NA,FALSE,1,216,90,90,30_Duan_2017_case1,case1,obs.216,Duan_2017_obs.216,s,-0.186818646,5.25E-04,-0.179878346,4.02E-04,FALSE,0.022911186,0.02005429,,separate,1500,7.1,29.3,82.6,,0.57,120.9083334,0.6,Shenzhen,China,Urban,Forest,TRUE
Duan,2017,"Shenzhen,China",JBFU,Pollutant analyzer,NA,PM10,PM,s,12,72.3,3.65,12,72.25333333,7.703333333,urban square,Foothill,mug,NA,30_Duan_2017,30,NA,FALSE,2,219,93,93,30_Duan_2017_case2,case2,obs.219,Duan_2017_obs.219,s,-0.033919946,5.12E-04,-0.030719191,3.75E-04,FALSE,0.022637973,0.019355217,,separate,1500,7.1,29.3,82.6,,0.57,72.27666667,0.6,Shenzhen,China,Urban,Forest,TRUE
Duan,2017,"Shenzhen,China",JBFU,Pollutant analyzer,NA,PM25,PM,s,12,14.73,0.6,12,18.64333333,1.453333333,urban square,Foothill,mug,NA,30_Duan_2017,30,NA,FALSE,3,222,96,96,30_Duan_2017_case3,case3,obs.222,Duan_2017_obs.222,s,0.098244388,2.31E-04,0.131479128,1.55E-04,FALSE,0.015209927,0.01245487,,separate,1500,7.1,29.3,82.6,,0.57,16.68666667,0.6,Shenzhen,China,Urban,Forest,TRUE
Duan,2018,"Shenzhen,China",Forests,Pollutant analyzer,NA,O3,O3,g,6,46.2,5.9,6,44.06666667,4.033333333,Urban squre,Foothill,mug,spring,40_Duan_2018,40,NA,FALSE,1,225,40,127,40_Duan_2018_case1,case1,obs.225,Duan_2018_obs.225,g,-0.03436647,0.0030471,-0.043124855,0.001375131,FALSE,0.055200541,0.037082758,,separate,2000,12.57,23.5,84,,0.55,45.13333334,0.45,Shenzhen,China,Urban,Forest,TRUE
Duan,2018,"Shenzhen,China",Forests,Pollutant analyzer,NA,O3,O3,g,6,35.7,3,6,51.83333333,3.033333333,Urban squre,Foothill,mug,summer,40_Duan_2018,40,NA,FALSE,2,228,43,130,40_Duan_2018_case2,case2,obs.228,Duan_2018_obs.228,g,0.41811307,0.001362297,0.372878531,5.93E-04,FALSE,0.036909312,0.024353255,,separate,2000,12.57,29.3,82,,0.57,43.76666667,0.65,Shenzhen,China,Urban,Forest,TRUE
Duan,2018,"Shenzhen,China",Forests,Pollutant analyzer,NA,O3,O3,g,6,37.2,9.7,6,43.43333333,1.733333333,Urban squre,Foothill,mug,autumn,40_Duan_2018,40,NA,FALSE,3,231,46,133,40_Duan_2018_case3,case3,obs.231,Duan_2018_obs.231,g,0.125471851,0.011409552,0.124612966,0.00387275,FALSE,0.106815504,0.062231419,,separate,2000,12.57,18.0 ,78,,0.51,40.31666667,0.4,Shenzhen,China,Urban,Forest,TRUE
Ozdemir,2019,"Istanbul,Turkey",Science of The Total Environment,Passive sampler,NA,PM25,PM,s,26,35.54,27.81,34,32.6,13.83,"no trees,close to traffic roadside",roadside tree line with gaps,mug,NA,41_Ozdemir_2019,41,NA,FALSE,1,234,99,99,41_Ozdemir_2019_case1,case1,obs.234,Ozdemir_2019_obs.234,s,-0.05887924,0.026081968,-0.086623096,0.014500024,FALSE,0.161499128,0.120416046,,subpoint,3.6,4.07138E-05,28.8,78.6,,5.2,34.1,0.5,Istanbul,Turkey,Traffic road,Lane,TRUE
Wan,2020,"Wuhan,China",JONFU,Pollutant analyzer,NA,PM25,PM,s,7,39.1,9.2,7,41.35,12.5,urban square,dense forests,mug,NA,47_Wan_2020,47,NA,FALSE,1,236,101,101,47_Wan_2020_case1,case1,obs.236,Wan_2020_obs.236,s,0.04829158,0.014193004,0.050943576,0.010337861,FALSE,0.119134394,0.101675274,,subpoint,12.5,0.000490859,22,78,,3.2,40.225,0.66,Wuhan,China,Urban,Lane,TRUE
Wan,2020,"Wuhan,China",JONFU,Pollutant analyzer,NA,PM10,PM,s,7,54.5,13.1,7,57.6,17.25,urban square,dense forests,mug,NA,47_Wan_2020,47,NA,FALSE,2,238,103,103,47_Wan_2020_case2,case2,obs.238,Wan_2020_obs.238,s,0.045175592,0.0143626,0.048803315,0.010360174,FALSE,0.119844065,0.101784938,,subpoint,12.5,0.000490859,22,78,,3.2,56.05,0.66,Wuhan,China,Urban,Lane,TRUE
Shao,2004,"Yichang,China",CJOAE,Passive sampler+Pollutant analyzer,NA,SO2,SO2,g,5,0.058,0.048,5,0.059,0.0345,bulding area,green land1,mg,NA,51_Shao_2004,51,NA,FALSE,1,240,15,136,51_Shao_2004_case1,case1,obs.240,Shao_2004_obs.240,g,0.017094433,0.169466285,0.017094433,0.102493897,FALSE,0.411662829,0.320146681,,separate,330,0.342,24,76,,2,58.5,0.274,Yichang,China,Residential,Patch,TRUE
Shao,2004,"Yichang,China",CJOAE,Passive sampler+Pollutant analyzer,NA,NOX,NOX,g,5,0.057,0.02,5,0.054,0.024,bulding area,green land1,mg,NA,51_Shao_2004,51,NA,FALSE,2,242,74,138,51_Shao_2004_case2,case2,obs.242,Shao_2004_obs.242,g,-0.059624367,0.043003762,-0.057577283,0.031337633,FALSE,0.207373485,0.177024387,,separate,330,0.342,24,76,,2,55.5,0.274,Yichang,China,Residential,Patch,TRUE
Shao,2004,"Yichang,China",CJOAE,Passive sampler+Pollutant analyzer,NA,TSP,PM,s,5,0.492,0.083,5,0.1645,0.053,bulding area,green land1,mg,NA,51_Shao_2004,51,NA,FALSE,3,244,105,105,51_Shao_2004_case3,case3,obs.244,Shao_2004_obs.244,s,-1.119567655,0.017349185,-1.154866012,0.014688267,FALSE,0.131716305,0.121195161,,separate,330,0.342,24,76,,2,328.25,0.274,Yichang,China,Residential,Patch,TRUE
Kapoor,2013,"Udaipur,India",Environmental Monitoring And Assessment,Passive sampler,NA,SO2,SO2,g,24,11.3,1.5,24,5.6,1.2,urban area,forest area,mug,NA,52_Kapoor_2013,52,NA,FALSE,1,246,17,140,52_Kapoor_2013_case1,case1,obs.246,Kapoor_2013_obs.246,g,-0.993538934,0.002207984,-0.75851249,0.00152785,TRUE,0.04698919,0.039087719,,separate,,,23,51,,2.1,8.47,0.69,Udaipur,India,Urban,Forest,TRUE
Kapoor,2013,"Udaipur,India",Environmental Monitoring And Assessment,Passive sampler,NA,NOX,NOX,g,24,31.15,8.45,24,30.6,4,urban area,forest area,mug,NA,52_Kapoor_2013,52,NA,FALSE,2,248,76,142,52_Kapoor_2013_case2,case2,obs.248,Kapoor_2013_obs.248,g,-0.017450508,0.002238334,-0.017516814,0.001883891,TRUE,0.047311034,0.043403809,,separate,,,23,51,,2.1,30.9,0.69,Udaipur,India,Urban,Forest,TRUE
Kapoor,2013,"Udaipur,India",Environmental Monitoring And Assessment,Passive sampler,NA,PM,PM,s,24,286.5,146.8,24,272,44.5,urban area,forest area,mug,NA,52_Kapoor_2013,52,NA,FALSE,3,250,107,107,52_Kapoor_2013_case3,case3,obs.250,Kapoor_2013_obs.250,s,0.015184685,0.006282498,0.011531093,0.005737695,TRUE,0.079262212,0.075747576,,separate,,,23,51,,2.1,279.3,0.69,Udaipur,India,Urban,Forest,TRUE
Freiman,2006,Israel,Atmospheric Environment,Pollutant analyzer,NA,PM10,PM,s,4,67.7,11.15,6,74.7,25.8,urban residential(61% cover),forests(98% cover),spring moring,NA,7_Freiman_2006,7,NA,FALSE,1,252,109,109,7_Freiman_2006_case1,case1,obs.252,Freiman_2006_obs.252,s,0.095969558,0.022652356,0.098792191,0.012723599,TRUE,0.150506997,0.11279893,,separate,50,0.0079,15.6,64,,3,71.2,0.59,Haifa,Israel,Residential,Forest,TRUE
Freiman,2006,Israel,Atmospheric Environment,Pollutant analyzer,NA,PM10,PM,s,8,58.55,4.975,11,60.5,6.9,urban residential(60% cover),forests(98% cover),summer morning,NA,7_Freiman_2006,7,NA,FALSE,2,254,111,111,7_Freiman_2006_case2,case2,obs.254,Freiman_2006_obs.254,s,0.039047702,0.00138677,0.03748464,5.24E-04,TRUE,0.037239357,0.022893285,,separate,50,0.0079,26.5,78,,8,59.525,0.59,Haifa,Israel,Residential,Forest,TRUE
